date,visiting_team,visiting_league,home_team,home_league,time
20230330,BAL,AL,BOS,AL,d
20230330,MIL,NL,CHN,NL,d
20230330,PIT,NL,CIN,NL,d
20230330,CHA,AL,HOU,AL,n
20230330,MIN,AL,KCA,AL,d
20230330,ARI,NL,LAN,NL,n
20230330,NYN,NL,MIA,NL,d
20230330,SFN,NL,NYA,AL,d
20230330,ANA,AL,OAK,AL,n
20230330,COL,NL,SDN,NL,d
20230330,CLE,AL,SEA,AL,n
20230330,TOR,AL,SLN,NL,d
20230330,DET,AL,TBA,AL,d
20230330,PHI,NL,TEX,AL,d
20230330,ATL,NL,WAS,NL,d
20230331,CHA,AL,HOU,AL,n
20230331,ARI,NL,LAN,NL,n
20230331,NYN,NL,MIA,NL,n
20230331,COL,NL,SDN,NL,n
20230331,CLE,AL,SEA,AL,n
20230401,BAL,AL,BOS,AL,d
20230401,MIL,NL,CHN,NL,d
20230401,PIT,NL,CIN,NL,d
20230401,CHA,AL,HOU,AL,d
20230401,MIN,AL,KCA,AL,d
20230401,ARI,NL,LAN,NL,n
20230401,NYN,NL,MIA,NL,d
20230401,SFN,NL,NYA,AL,d
20230401,ANA,AL,OAK,AL,d
20230401,COL,NL,SDN,NL,d
20230401,CLE,AL,SEA,AL,n
20230401,TOR,AL,SLN,NL,d
20230401,DET,AL,TBA,AL,d
20230401,PHI,NL,TEX,AL,d
20230401,ATL,NL,WAS,NL,d
20230402,BAL,AL,BOS,AL,d
20230402,MIL,NL,CHN,NL,d
20230402,PIT,NL,CIN,NL,d
20230402,CHA,AL,HOU,AL,d
20230402,MIN,AL,KCA,AL,d
20230402,ARI,NL,LAN,NL,d
20230402,NYN,NL,MIA,NL,d
20230402,SFN,NL,NYA,AL,d
20230402,ANA,AL,OAK,AL,d
20230402,COL,NL,SDN,NL,d
20230402,CLE,AL,SEA,AL,d
20230402,TOR,AL,SLN,NL,d
20230402,DET,AL,TBA,AL,d
20230402,PHI,NL,TEX,AL,n
20230402,ATL,NL,WAS,NL,d
20230403,PIT,NL,BOS,AL,n
20230403,SFN,NL,CHA,AL,d
20230403,CHN,NL,CIN,NL,n
20230403,DET,AL,HOU,AL,n
20230403,TOR,AL,KCA,AL,n
20230403,COL,NL,LAN,NL,n
20230403,MIN,AL,MIA,NL,n
20230403,NYN,NL,MIL,NL,d
20230403,PHI,NL,NYA,AL,n
20230403,CLE,AL,OAK,AL,n
20230403,ARI,NL,SDN,NL,n
20230403,ANA,AL,SEA,AL,n
20230403,ATL,NL,SLN,NL,n
20230403,BAL,AL,TEX,AL,n
20230403,TBA,AL,WAS,NL,n
20230404,PIT,NL,BOS,AL,n
20230404,CHN,NL,CIN,NL,n
20230404,DET,AL,HOU,AL,n
20230404,TOR,AL,KCA,AL,n
20230404,COL,NL,LAN,NL,n
20230404,MIN,AL,MIA,NL,n
20230404,NYN,NL,MIL,NL,n
20230404,PHI,NL,NYA,AL,n
20230404,CLE,AL,OAK,AL,n
20230404,ARI,NL,SDN,NL,d
20230404,ANA,AL,SEA,AL,n
20230404,ATL,NL,SLN,NL,n
20230404,BAL,AL,TEX,AL,n
20230404,TBA,AL,WAS,NL,n
20230405,PIT,NL,BOS,AL,d
20230405,SFN,NL,CHA,AL,d
20230405,CHN,NL,CIN,NL,n
20230405,DET,AL,HOU,AL,
20230405,TOR,AL,KCA,AL,n
20230405,MIN,AL,MIA,NL,d
20230405,NYN,NL,MIL,NL,n
20230405,PHI,NL,NYA,AL,d
20230405,CLE,AL,OAK,AL,n
20230405,ANA,AL,SEA,AL,d
20230405,ATL,NL,SLN,NL,n
20230405,BAL,AL,TEX,AL,d
20230405,TBA,AL,WAS,NL,d
20230406,LAN,NL,ARI,NL,n
20230406,SDN,NL,ATL,NL,n
20230406,NYA,AL,BAL,AL,d
20230406,SFN,NL,CHA,AL,d
20230406,WAS,NL,COL,NL,d
20230406,BOS,AL,DET,AL,d
20230406,TOR,AL,KCA,AL,d
20230406,HOU,AL,MIN,AL,d
20230406,MIA,NL,NYN,NL,d
20230406,CIN,NL,PHI,NL,d
20230407,TOR,AL,ANA,AL,n
20230407,LAN,NL,ARI,NL,n
20230407,SDN,NL,ATL,NL,n
20230407,TEX,AL,CHN,NL,d
20230407,SEA,AL,CLE,AL,d
20230407,WAS,NL,COL,NL,n
20230407,SLN,NL,MIL,NL,n
20230407,CHA,AL,PIT,NL,d
20230407,KCA,AL,SFN,NL,d
20230407,OAK,AL,TBA,AL,n
20230408,TOR,AL,ANA,AL,n
20230408,LAN,NL,ARI,NL,d
20230408,SDN,NL,ATL,NL,n
20230408,NYA,AL,BAL,AL,n
20230408,TEX,AL,CHN,NL,d
20230408,SEA,AL,CLE,AL,n
20230408,WAS,NL,COL,NL,n
20230408,BOS,AL,DET,AL,d
20230408,SLN,NL,MIL,NL,n
20230408,HOU,AL,MIN,AL,d
20230408,MIA,NL,NYN,NL,d
20230408,CIN,NL,PHI,NL,d
20230408,CHA,AL,PIT,NL,n
20230408,KCA,AL,SFN,NL,d
20230408,OAK,AL,TBA,AL,d
20230409,TOR,AL,ANA,AL,d
20230409,LAN,NL,ARI,NL,d
20230409,SDN,NL,ATL,NL,n
20230409,NYA,AL,BAL,AL,d
20230409,TEX,AL,CHN,NL,d
20230409,SEA,AL,CLE,AL,d
20230409,WAS,NL,COL,NL,d
20230409,BOS,AL,DET,AL,d
20230409,SLN,NL,MIL,NL,d
20230409,HOU,AL,MIN,AL,d
20230409,MIA,NL,NYN,NL,d
20230409,CIN,NL,PHI,NL,d
20230409,CHA,AL,PIT,NL,d
20230409,KCA,AL,SFN,NL,d
20230409,OAK,AL,TBA,AL,d
20230410,WAS,NL,ANA,AL,n
20230410,MIL,NL,ARI,NL,n
20230410,CIN,NL,ATL,NL,n
20230410,OAK,AL,BAL,AL,n
20230410,SEA,AL,CHN,NL,n
20230410,NYA,AL,CLE,AL,n
20230410,SLN,NL,COL,NL,n
20230410,CHA,AL,MIN,AL,d
20230410,SDN,NL,NYN,NL,n
20230410,MIA,NL,PHI,NL,n
20230410,HOU,AL,PIT,NL,n
20230410,LAN,NL,SFN,NL,n
20230410,BOS,AL,TBA,AL,n
20230410,KCA,AL,TEX,AL,n
20230411,WAS,NL,ANA,AL,n
20230411,MIL,NL,ARI,NL,n
20230411,CIN,NL,ATL,NL,n
20230411,OAK,AL,BAL,AL,n
20230411,SEA,AL,CHN,NL,n
20230411,NYA,AL,CLE,AL,n
20230411,SLN,NL,COL,NL,n
20230411,CHA,AL,MIN,AL,n
20230411,SDN,NL,NYN,NL,n
20230411,MIA,NL,PHI,NL,n
20230411,HOU,AL,PIT,NL,n
20230411,LAN,NL,SFN,NL,n
20230411,BOS,AL,TBA,AL,n
20230411,KCA,AL,TEX,AL,n
20230411,DET,AL,TOR,AL,n
20230412,WAS,NL,ANA,AL,d
20230412,MIL,NL,ARI,NL,n
20230412,CIN,NL,ATL,NL,n
20230412,OAK,AL,BAL,AL,n
20230412,SEA,AL,CHN,NL,d
20230412,NYA,AL,CLE,AL,d
20230412,SLN,NL,COL,NL,d
20230412,CHA,AL,MIN,AL,n
20230412,SDN,NL,NYN,NL,d
20230412,MIA,NL,PHI,NL,d
20230412,HOU,AL,PIT,NL,n
20230412,LAN,NL,SFN,NL,n
20230412,BOS,AL,TBA,AL,n
20230412,KCA,AL,TEX,AL,n
20230412,DET,AL,TOR,AL,n
20230413,OAK,AL,BAL,AL,d
20230413,PHI,NL,CIN,NL,n
20230413,MIN,AL,NYA,AL,n
20230413,MIL,NL,SDN,NL,n
20230413,PIT,NL,SLN,NL,n
20230413,BOS,AL,TBA,AL,d
20230413,DET,AL,TOR,AL,n
20230414,ANA,AL,BOS,AL,n
20230414,BAL,AL,CHA,AL,n
20230414,PHI,NL,CIN,NL,n
20230414,SFN,NL,DET,AL,n
20230414,TEX,AL,HOU,AL,n
20230414,ATL,NL,KCA,AL,n
20230414,CHN,NL,LAN,NL,n
20230414,ARI,NL,MIA,NL,n
20230414,MIN,AL,NYA,AL,n
20230414,NYN,NL,OAK,AL,n
20230414,MIL,NL,SDN,NL,n
20230414,COL,NL,SEA,AL,n
20230414,PIT,NL,SLN,NL,n
20230414,TBA,AL,TOR,AL,n
20230414,CLE,AL,WAS,NL,n
20230415,ANA,AL,BOS,AL,d
20230415,BAL,AL,CHA,AL,d
20230415,PHI,NL,CIN,NL,d
20230415,SFN,NL,DET,AL,d
20230415,TEX,AL,HOU,AL,n
20230415,ATL,NL,KCA,AL,d
20230415,CHN,NL,LAN,NL,n
20230415,ARI,NL,MIA,NL,d
20230415,MIN,AL,NYA,AL,d
20230415,NYN,NL,OAK,AL,d
20230415,MIL,NL,SDN,NL,d
20230415,COL,NL,SEA,AL,n
20230415,PIT,NL,SLN,NL,d
20230415,TBA,AL,TOR,AL,d
20230415,CLE,AL,WAS,NL,d
20230416,ANA,AL,BOS,AL,d
20230416,BAL,AL,CHA,AL,d
20230416,PHI,NL,CIN,NL,d
20230416,SFN,NL,DET,AL,d
20230416,TEX,AL,HOU,AL,n
20230416,ATL,NL,KCA,AL,d
20230416,CHN,NL,LAN,NL,d
20230416,ARI,NL,MIA,NL,d
20230416,MIN,AL,NYA,AL,d
20230416,NYN,NL,OAK,AL,d
20230416,MIL,NL,SDN,NL,d
20230416,COL,NL,SEA,AL,d
20230416,PIT,NL,SLN,NL,d
20230416,TBA,AL,TOR,AL,d
20230416,CLE,AL,WAS,NL,d
20230417,ANA,AL,BOS,AL,n
20230417,PHI,NL,CHA,AL,n
20230417,TBA,AL,CIN,NL,n
20230417,PIT,NL,COL,NL,n
20230417,CLE,AL,DET,AL,n
20230417,TOR,AL,HOU,AL,n
20230417,TEX,AL,KCA,AL,n
20230417,NYN,NL,LAN,NL,n
20230417,SFN,NL,MIA,NL,n
20230417,CHN,NL,OAK,AL,n
20230417,ATL,NL,SDN,NL,n
20230417,MIL,NL,SEA,AL,n
20230417,ARI,NL,SLN,NL,n
20230418,MIN,AL,BOS,AL,n
20230418,PHI,NL,CHA,AL,n
20230418,TBA,AL,CIN,NL,n
20230418,PIT,NL,COL,NL,n
20230418,CLE,AL,DET,AL,n
20230418,TOR,AL,HOU,AL,n
20230418,TEX,AL,KCA,AL,n
20230418,NYN,NL,LAN,NL,n
20230418,SFN,NL,MIA,NL,n
20230418,ANA,AL,NYA,AL,n
20230418,CHN,NL,OAK,AL,n
20230418,ATL,NL,SDN,NL,n
20230418,MIL,NL,SEA,AL,n
20230418,ARI,NL,SLN,NL,n
20230418,BAL,AL,WAS,NL,n
20230419,MIN,AL,BOS,AL,n
20230419,PHI,NL,CHA,AL,d
20230419,TBA,AL,CIN,NL,n
20230419,PIT,NL,COL,NL,d
20230419,CLE,AL,DET,AL,d
20230419,TOR,AL,HOU,AL,n
20230419,TEX,AL,KCA,AL,d
20230419,NYN,NL,LAN,NL,n
20230419,SFN,NL,MIA,NL,d
20230419,ANA,AL,NYA,AL,n
20230419,CHN,NL,OAK,AL,n
20230419,ATL,NL,SDN,NL,d
20230419,MIL,NL,SEA,AL,d
20230419,ARI,NL,SLN,NL,n
20230419,BAL,AL,WAS,NL,n
20230420,SDN,NL,ARI,NL,n
20230420,MIN,AL,BOS,AL,d
20230420,LAN,NL,CHN,NL,n
20230420,ANA,AL,NYA,AL,d
20230420,COL,NL,PHI,NL,n
20230420,CIN,NL,PIT,NL,n
20230420,NYN,NL,SFN,NL,n
20230421,KCA,AL,ANA,AL,n
20230421,SDN,NL,ARI,NL,n
20230421,HOU,AL,ATL,NL,n
20230421,DET,AL,BAL,AL,n
20230421,LAN,NL,CHN,NL,d
20230421,MIA,NL,CLE,AL,n
20230421,BOS,AL,MIL,NL,n
20230421,WAS,NL,MIN,AL,n
20230421,TOR,AL,NYA,AL,n
20230421,COL,NL,PHI,NL,n
20230421,CIN,NL,PIT,NL,n
20230421,SLN,NL,SEA,AL,n
20230421,NYN,NL,SFN,NL,n
20230421,CHA,AL,TBA,AL,n
20230421,OAK,AL,TEX,AL,n
20230422,KCA,AL,ANA,AL,n
20230422,SDN,NL,ARI,NL,d
20230422,HOU,AL,ATL,NL,n
20230422,DET,AL,BAL,AL,n
20230422,LAN,NL,CHN,NL,d
20230422,MIA,NL,CLE,AL,n
20230422,BOS,AL,MIL,NL,n
20230422,WAS,NL,MIN,AL,d
20230422,TOR,AL,NYA,AL,d
20230422,COL,NL,PHI,NL,d
20230422,CIN,NL,PIT,NL,n
20230422,SLN,NL,SEA,AL,n
20230422,NYN,NL,SFN,NL,d
20230422,CHA,AL,TBA,AL,d
20230422,OAK,AL,TEX,AL,n
20230423,KCA,AL,ANA,AL,d
20230423,SDN,NL,ARI,NL,d
20230423,HOU,AL,ATL,NL,d
20230423,DET,AL,BAL,AL,d
20230423,LAN,NL,CHN,NL,d
20230423,MIA,NL,CLE,AL,d
20230423,BOS,AL,MIL,NL,d
20230423,WAS,NL,MIN,AL,d
20230423,TOR,AL,NYA,AL,d
20230423,COL,NL,PHI,NL,n
20230423,CIN,NL,PIT,NL,d
20230423,SLN,NL,SEA,AL,d
20230423,NYN,NL,SFN,NL,d
20230423,CHA,AL,TBA,AL,d
20230423,OAK,AL,TEX,AL,d
20230424,OAK,AL,ANA,AL,n
20230424,KCA,AL,ARI,NL,n
20230424,MIA,NL,ATL,NL,n
20230424,BOS,AL,BAL,AL,n
20230424,TEX,AL,CIN,NL,n
20230424,COL,NL,CLE,AL,n
20230424,DET,AL,MIL,NL,n
20230424,NYA,AL,MIN,AL,n
20230424,SLN,NL,SFN,NL,n
20230424,HOU,AL,TBA,AL,n
20230424,CHA,AL,TOR,AL,n
20230425,OAK,AL,ANA,AL,n
20230425,KCA,AL,ARI,NL,n
20230425,MIA,NL,ATL,NL,n
20230425,BOS,AL,BAL,AL,n
20230425,SDN,NL,CHN,NL,n
20230425,TEX,AL,CIN,NL,n
20230425,COL,NL,CLE,AL,n
20230425,DET,AL,MIL,NL,n
20230425,NYA,AL,MIN,AL,n
20230425,WAS,NL,NYN,NL,n
20230425,SEA,AL,PHI,NL,n
20230425,LAN,NL,PIT,NL,n
20230425,SLN,NL,SFN,NL,n
20230425,HOU,AL,TBA,AL,n
20230425,CHA,AL,TOR,AL,n
20230426,OAK,AL,ANA,AL,n
20230426,KCA,AL,ARI,NL,n
20230426,MIA,NL,ATL,NL,n
20230426,BOS,AL,BAL,AL,d
20230426,SDN,NL,CHN,NL,n
20230426,TEX,AL,CIN,NL,n
20230426,COL,NL,CLE,AL,d
20230426,DET,AL,MIL,NL,n
20230426,NYA,AL,MIN,AL,n
20230426,WAS,NL,NYN,NL,n
20230426,SEA,AL,PHI,NL,n
20230426,LAN,NL,PIT,NL,n
20230426,SLN,NL,SFN,NL,n
20230426,HOU,AL,TBA,AL,n
20230426,CHA,AL,TOR,AL,d
20230427,OAK,AL,ANA,AL,d
20230427,MIA,NL,ATL,NL,n
20230427,TBA,AL,CHA,AL,n
20230427,SDN,NL,CHN,NL,d
20230427,BAL,AL,DET,AL,n
20230427,KCA,AL,MIN,AL,n
20230427,WAS,NL,NYN,NL,n
20230427,SEA,AL,PHI,NL,d
20230427,LAN,NL,PIT,NL,n
20230427,SLN,NL,SFN,NL,n
20230427,NYA,AL,TEX,AL,n
20230428,CLE,AL,BOS,AL,n
20230428,TBA,AL,CHA,AL,n
20230428,ARI,NL,COL,NL,n
20230428,BAL,AL,DET,AL,n
20230428,PHI,NL,HOU,AL,n
20230428,SLN,NL,LAN,NL,n
20230428,CHN,NL,MIA,NL,n
20230428,ANA,AL,MIL,NL,n
20230428,KCA,AL,MIN,AL,d
20230428,ATL,NL,NYN,NL,n
20230428,CIN,NL,OAK,AL,n
20230428,NYA,AL,TEX,AL,n
20230428,SEA,AL,TOR,AL,n
20230428,PIT,NL,WAS,NL,n
20230429,CLE,AL,BOS,AL,d
20230429,TBA,AL,CHA,AL,n
20230429,ARI,NL,COL,NL,n
20230429,BAL,AL,DET,AL,d
20230429,PHI,NL,HOU,AL,d
20230429,SLN,NL,LAN,NL,n
20230429,CHN,NL,MIA,NL,d
20230429,ANA,AL,MIL,NL,n
20230429,KCA,AL,MIN,AL,d
20230429,ATL,NL,NYN,NL,d
20230429,CIN,NL,OAK,AL,d
20230429,SFN,NL,SDN,NL,d
20230429,NYA,AL,TEX,AL,n
20230429,SEA,AL,TOR,AL,d
20230429,PIT,NL,WAS,NL,d
20230430,CLE,AL,BOS,AL,d
20230430,TBA,AL,CHA,AL,d
20230430,ARI,NL,COL,NL,d
20230430,BAL,AL,DET,AL,d
20230430,PHI,NL,HOU,AL,n
20230430,SLN,NL,LAN,NL,d
20230430,CHN,NL,MIA,NL,n
20230430,ANA,AL,MIL,NL,d
20230430,KCA,AL,MIN,AL,d
20230430,ATL,NL,NYN,NL,d
20230430,CIN,NL,OAK,AL,d
20230430,SFN,NL,SDN,NL,d
20230430,NYA,AL,TEX,AL,d
20230430,SEA,AL,TOR,AL,d
20230430,PIT,NL,WAS,NL,d
20230501,TOR,AL,BOS,AL,n
20230501,SFN,NL,HOU,AL,n
20230501,PHI,NL,LAN,NL,n
20230501,CLE,AL,NYA,AL,n
20230501,ATL,NL,NYN,NL,d
20230501,CIN,NL,SDN,NL,n
20230501,CHN,NL,WAS,NL,n
20230502,TOR,AL,BOS,AL,n
20230502,MIN,AL,CHA,AL,n
20230502,MIL,NL,COL,NL,n
20230502,NYN,NL,DET,AL,n
20230502,SFN,NL,HOU,AL,n
20230502,BAL,AL,KCA,AL,n
20230502,PHI,NL,LAN,NL,n
20230502,ATL,NL,MIA,NL,n
20230502,CLE,AL,NYA,AL,n
20230502,SEA,AL,OAK,AL,n
20230502,CIN,NL,SDN,NL,n
20230502,ANA,AL,SLN,NL,n
20230502,PIT,NL,TBA,AL,n
20230502,ARI,NL,TEX,AL,n
20230502,CHN,NL,WAS,NL,n
20230503,TOR,AL,BOS,AL,n
20230503,MIN,AL,CHA,AL,n
20230503,MIL,NL,COL,NL,n
20230503,NYN,NL,DET,AL,n
20230503,SFN,NL,HOU,AL,d
20230503,BAL,AL,KCA,AL,n
20230503,PHI,NL,LAN,NL,d
20230503,ATL,NL,MIA,NL,n
20230503,CLE,AL,NYA,AL,n
20230503,SEA,AL,OAK,AL,n
20230503,CIN,NL,SDN,NL,d
20230503,ANA,AL,SLN,NL,n
20230503,PIT,NL,TBA,AL,n
20230503,ARI,NL,TEX,AL,d
20230503,CHN,NL,WAS,NL,n
20230504,TOR,AL,BOS,AL,n
20230504,MIN,AL,CHA,AL,d
20230504,MIL,NL,COL,NL,d
20230504,NYN,NL,DET,AL,d
20230504,BAL,AL,KCA,AL,d
20230504,ATL,NL,MIA,NL,d
20230504,SEA,AL,OAK,AL,n
20230504,ANA,AL,SLN,NL,n
20230504,PIT,NL,TBA,AL,d
20230504,CHN,NL,WAS,NL,d
20230505,TEX,AL,ANA,AL,n
20230505,WAS,NL,ARI,NL,n
20230505,BAL,AL,ATL,NL,n
20230505,MIA,NL,CHN,NL,d
20230505,CHA,AL,CIN,NL,n
20230505,MIN,AL,CLE,AL,n
20230505,OAK,AL,KCA,AL,n
20230505,COL,NL,NYN,NL,n
20230505,BOS,AL,PHI,NL,n
20230505,TOR,AL,PIT,NL,n
20230505,LAN,NL,SDN,NL,n
20230505,HOU,AL,SEA,AL,n
20230505,MIL,NL,SFN,NL,n
20230505,DET,AL,SLN,NL,n
20230505,NYA,AL,TBA,AL,n
20230506,TEX,AL,ANA,AL,n
20230506,WAS,NL,ARI,NL,d
20230506,BAL,AL,ATL,NL,n
20230506,MIA,NL,CHN,NL,d
20230506,CHA,AL,CIN,NL,n
20230506,MIN,AL,CLE,AL,n
20230506,OAK,AL,KCA,AL,n
20230506,COL,NL,NYN,NL,d
20230506,BOS,AL,PHI,NL,n
20230506,TOR,AL,PIT,NL,n
20230506,LAN,NL,SDN,NL,d
20230506,HOU,AL,SEA,AL,n
20230506,MIL,NL,SFN,NL,d
20230506,DET,AL,SLN,NL,d
20230506,NYA,AL,TBA,AL,d
20230507,TEX,AL,ANA,AL,d
20230507,WAS,NL,ARI,NL,d
20230507,BAL,AL,ATL,NL,n
20230507,MIA,NL,CHN,NL,d
20230507,CHA,AL,CIN,NL,d
20230507,MIN,AL,CLE,AL,d
20230507,OAK,AL,KCA,AL,d
20230507,COL,NL,NYN,NL,d
20230507,BOS,AL,PHI,NL,d
20230507,TOR,AL,PIT,NL,d
20230507,LAN,NL,SDN,NL,d
20230507,HOU,AL,SEA,AL,d
20230507,MIL,NL,SFN,NL,d
20230507,DET,AL,SLN,NL,d
20230507,NYA,AL,TBA,AL,d
20230508,HOU,AL,ANA,AL,n
20230508,MIA,NL,ARI,NL,n
20230508,TBA,AL,BAL,AL,n
20230508,SLN,NL,CHN,NL,n
20230508,DET,AL,CLE,AL,n
20230508,CHA,AL,KCA,AL,n
20230508,LAN,NL,MIL,NL,n
20230508,OAK,AL,NYA,AL,n
20230508,COL,NL,PIT,NL,n
20230508,TEX,AL,SEA,AL,n
20230508,WAS,NL,SFN,NL,n
20230509,HOU,AL,ANA,AL,n
20230509,MIA,NL,ARI,NL,n
20230509,BOS,AL,ATL,NL,n
20230509,TBA,AL,BAL,AL,n
20230509,SLN,NL,CHN,NL,n
20230509,NYN,NL,CIN,NL,n
20230509,DET,AL,CLE,AL,n
20230509,CHA,AL,KCA,AL,n
20230509,LAN,NL,MIL,NL,n
20230509,SDN,NL,MIN,AL,n
20230509,OAK,AL,NYA,AL,n
20230509,TOR,AL,PHI,NL,n
20230509,COL,NL,PIT,NL,n
20230509,TEX,AL,SEA,AL,n
20230509,WAS,NL,SFN,NL,n
20230510,HOU,AL,ANA,AL,d
20230510,MIA,NL,ARI,NL,n
20230510,BOS,AL,ATL,NL,n
20230510,TBA,AL,BAL,AL,n
20230510,SLN,NL,CHN,NL,n
20230510,NYN,NL,CIN,NL,n
20230510,DET,AL,CLE,AL,d
20230510,CHA,AL,KCA,AL,n
20230510,LAN,NL,MIL,NL,n
20230510,SDN,NL,MIN,AL,n
20230510,OAK,AL,NYA,AL,n
20230510,TOR,AL,PHI,NL,d
20230510,COL,NL,PIT,NL,n
20230510,TEX,AL,SEA,AL,n
20230510,WAS,NL,SFN,NL,n
20230511,SFN,NL,ARI,NL,n
20230511,NYN,NL,CIN,NL,n
20230511,CHA,AL,KCA,AL,d
20230511,SDN,NL,MIN,AL,n
20230511,TBA,AL,NYA,AL,n
20230511,TEX,AL,OAK,AL,n
20230512,SFN,NL,ARI,NL,n
20230512,PIT,NL,BAL,AL,n
20230512,SLN,NL,BOS,AL,n
20230512,HOU,AL,CHA,AL,n
20230512,ANA,AL,CLE,AL,n
20230512,PHI,NL,COL,NL,n
20230512,SEA,AL,DET,AL,n
20230512,SDN,NL,LAN,NL,n
20230512,CIN,NL,MIA,NL,n
20230512,KCA,AL,MIL,NL,n
20230512,CHN,NL,MIN,AL,n
20230512,TBA,AL,NYA,AL,n
20230512,TEX,AL,OAK,AL,n
20230512,ATL,NL,TOR,AL,n
20230512,NYN,NL,WAS,NL,n
20230513,SFN,NL,ARI,NL,d
20230513,PIT,NL,BAL,AL,n
20230513,SLN,NL,BOS,AL,d
20230513,HOU,AL,CHA,AL,n
20230513,ANA,AL,CLE,AL,n
20230513,PHI,NL,COL,NL,n
20230513,SEA,AL,DET,AL,d
20230513,SDN,NL,LAN,NL,d
20230513,CIN,NL,MIA,NL,d
20230513,KCA,AL,MIL,NL,n
20230513,CHN,NL,MIN,AL,d
20230513,TBA,AL,NYA,AL,d
20230513,TEX,AL,OAK,AL,d
20230513,ATL,NL,TOR,AL,d
20230513,NYN,NL,WAS,NL,d
20230514,SFN,NL,ARI,NL,d
20230514,PIT,NL,BAL,AL,d
20230514,SLN,NL,BOS,AL,n
20230514,HOU,AL,CHA,AL,d
20230514,ANA,AL,CLE,AL,n
20230514,PHI,NL,COL,NL,d
20230514,SEA,AL,DET,AL,d
20230514,SDN,NL,LAN,NL,d
20230514,CIN,NL,MIA,NL,d
20230514,KCA,AL,MIL,NL,d
20230514,CHN,NL,MIN,AL,d
20230514,TBA,AL,NYA,AL,d
20230514,TEX,AL,OAK,AL,d
20230514,ATL,NL,TOR,AL,d
20230514,NYN,NL,WAS,NL,d
20230515,ANA,AL,BAL,AL,n
20230515,SEA,AL,BOS,AL,n
20230515,CIN,NL,COL,NL,n
20230515,CHN,NL,HOU,AL,n
20230515,MIN,AL,LAN,NL,n
20230515,ARI,NL,OAK,AL,n
20230515,KCA,AL,SDN,NL,n
20230515,PHI,NL,SFN,NL,n
20230515,MIL,NL,SLN,NL,n
20230515,ATL,NL,TEX,AL,n
20230515,NYA,AL,TOR,AL,n
20230515,NYN,NL,WAS,NL,d
20230516,ANA,AL,BAL,AL,n
20230516,SEA,AL,BOS,AL,n
20230516,CLE,AL,CHA,AL,n
20230516,CIN,NL,COL,NL,n
20230516,PIT,NL,DET,AL,n
20230516,CHN,NL,HOU,AL,n
20230516,MIN,AL,LAN,NL,n
20230516,WAS,NL,MIA,NL,n
20230516,TBA,AL,NYN,NL,n
20230516,ARI,NL,OAK,AL,n
20230516,KCA,AL,SDN,NL,n
20230516,PHI,NL,SFN,NL,n
20230516,MIL,NL,SLN,NL,n
20230516,ATL,NL,TEX,AL,n
20230516,NYA,AL,TOR,AL,n
20230517,ANA,AL,BAL,AL,n
20230517,SEA,AL,BOS,AL,n
20230517,CLE,AL,CHA,AL,n
20230517,CIN,NL,COL,NL,d
20230517,PIT,NL,DET,AL,d
20230517,CHN,NL,HOU,AL,n
20230517,MIN,AL,LAN,NL,n
20230517,WAS,NL,MIA,NL,n
20230517,TBA,AL,NYN,NL,n
20230517,ARI,NL,OAK,AL,n
20230517,KCA,AL,SDN,NL,d
20230517,PHI,NL,SFN,NL,n
20230517,MIL,NL,SLN,NL,n
20230517,ATL,NL,TEX,AL,n
20230517,NYA,AL,TOR,AL,n
20230518,ANA,AL,BAL,AL,n
20230518,CLE,AL,CHA,AL,d
20230518,WAS,NL,MIA,NL,d
20230518,TBA,AL,NYN,NL,d
20230518,LAN,NL,SLN,NL,n
20230518,NYA,AL,TOR,AL,n
20230519,MIN,AL,ANA,AL,n
20230519,SEA,AL,ATL,NL,n
20230519,KCA,AL,CHA,AL,n
20230519,NYA,AL,CIN,NL,n
20230519,OAK,AL,HOU,AL,n
20230519,CLE,AL,NYN,NL,n
20230519,CHN,NL,PHI,NL,n
20230519,ARI,NL,PIT,NL,n
20230519,BOS,AL,SDN,NL,n
20230519,MIA,NL,SFN,NL,n
20230519,LAN,NL,SLN,NL,n
20230519,MIL,NL,TBA,AL,n
20230519,COL,NL,TEX,AL,n
20230519,BAL,AL,TOR,AL,n
20230519,DET,AL,WAS,NL,n
20230520,MIN,AL,ANA,AL,n
20230520,SEA,AL,ATL,NL,n
20230520,KCA,AL,CHA,AL,d
20230520,NYA,AL,CIN,NL,d
20230520,OAK,AL,HOU,AL,d
20230520,CLE,AL,NYN,NL,d
20230520,CHN,NL,PHI,NL,d
20230520,ARI,NL,PIT,NL,d
20230520,BOS,AL,SDN,NL,n
20230520,MIA,NL,SFN,NL,d
20230520,LAN,NL,SLN,NL,n
20230520,MIL,NL,TBA,AL,d
20230520,COL,NL,TEX,AL,d
20230520,BAL,AL,TOR,AL,d
20230520,DET,AL,WAS,NL,d
20230521,MIN,AL,ANA,AL,d
20230521,SEA,AL,ATL,NL,d
20230521,KCA,AL,CHA,AL,d
20230521,NYA,AL,CIN,NL,n
20230521,OAK,AL,HOU,AL,d
20230521,CLE,AL,NYN,NL,n
20230521,CHN,NL,PHI,NL,d
20230521,ARI,NL,PIT,NL,d
20230521,BOS,AL,SDN,NL,d
20230521,MIA,NL,SFN,NL,d
20230521,LAN,NL,SLN,NL,d
20230521,MIL,NL,TBA,AL,d
20230521,COL,NL,TEX,AL,d
20230521,BAL,AL,TOR,AL,d
20230521,DET,AL,WAS,NL,d
20230522,BOS,AL,ANA,AL,n
20230522,LAN,NL,ATL,NL,n
20230522,SLN,NL,CIN,NL,n
20230522,CHA,AL,CLE,AL,n
20230522,MIA,NL,COL,NL,n
20230522,DET,AL,KCA,AL,n
20230522,HOU,AL,MIL,NL,n
20230522,SFN,NL,MIN,AL,n
20230522,ARI,NL,PHI,NL,n
20230522,TEX,AL,PIT,NL,n
20230522,OAK,AL,SEA,AL,n
20230522,TOR,AL,TBA,AL,n
20230523,BOS,AL,ANA,AL,n
20230523,LAN,NL,ATL,NL,n
20230523,NYN,NL,CHN,NL,n
20230523,SLN,NL,CIN,NL,n
20230523,CHA,AL,CLE,AL,n
20230523,MIA,NL,COL,NL,n
20230523,DET,AL,KCA,AL,n
20230523,HOU,AL,MIL,NL,n
20230523,SFN,NL,MIN,AL,n
20230523,BAL,AL,NYA,AL,n
20230523,ARI,NL,PHI,NL,n
20230523,TEX,AL,PIT,NL,n
20230523,OAK,AL,SEA,AL,n
20230523,TOR,AL,TBA,AL,n
20230523,SDN,NL,WAS,NL,n
20230524,BOS,AL,ANA,AL,n
20230524,LAN,NL,ATL,NL,n
20230524,NYN,NL,CHN,NL,n
20230524,SLN,NL,CIN,NL,n
20230524,CHA,AL,CLE,AL,d
20230524,MIA,NL,COL,NL,n
20230524,DET,AL,KCA,AL,n
20230524,HOU,AL,MIL,NL,n
20230524,SFN,NL,MIN,AL,n
20230524,BAL,AL,NYA,AL,n
20230524,ARI,NL,PHI,NL,d
20230524,TEX,AL,PIT,NL,n
20230524,OAK,AL,SEA,AL,n
20230524,TOR,AL,TBA,AL,n
20230524,SDN,NL,WAS,NL,n
20230525,PHI,NL,ATL,NL,n
20230525,NYN,NL,CHN,NL,n
20230525,SLN,NL,CIN,NL,n
20230525,MIA,NL,COL,NL,d
20230525,CHA,AL,DET,AL,n
20230525,SFN,NL,MIL,NL,n
20230525,BAL,AL,NYA,AL,n
20230525,OAK,AL,SEA,AL,n
20230525,TOR,AL,TBA,AL,d
20230525,SDN,NL,WAS,NL,d
20230526,MIA,NL,ANA,AL,n
20230526,BOS,AL,ARI,NL,n
20230526,PHI,NL,ATL,NL,n
20230526,TEX,AL,BAL,AL,n
20230526,CIN,NL,CHN,NL,d
20230526,SLN,NL,CLE,AL,n
20230526,NYN,NL,COL,NL,n
20230526,CHA,AL,DET,AL,n
20230526,WAS,NL,KCA,AL,n
20230526,SFN,NL,MIL,NL,n
20230526,TOR,AL,MIN,AL,n
20230526,SDN,NL,NYA,AL,n
20230526,HOU,AL,OAK,AL,n
20230526,PIT,NL,SEA,AL,n
20230526,LAN,NL,TBA,AL,n
20230527,MIA,NL,ANA,AL,n
20230527,BOS,AL,ARI,NL,d
20230527,PHI,NL,ATL,NL,d
20230527,TEX,AL,BAL,AL,d
20230527,CIN,NL,CHN,NL,n
20230527,SLN,NL,CLE,AL,n
20230527,NYN,NL,COL,NL,n
20230527,CHA,AL,DET,AL,d
20230527,WAS,NL,KCA,AL,d
20230527,SFN,NL,MIL,NL,d
20230527,TOR,AL,MIN,AL,d
20230527,SDN,NL,NYA,AL,d
20230527,HOU,AL,OAK,AL,d
20230527,PIT,NL,SEA,AL,d
20230527,LAN,NL,TBA,AL,d
20230528,MIA,NL,ANA,AL,d
20230528,BOS,AL,ARI,NL,d
20230528,PHI,NL,ATL,NL,n
20230528,TEX,AL,BAL,AL,d
20230528,CIN,NL,CHN,NL,d
20230528,SLN,NL,CLE,AL,d
20230528,NYN,NL,COL,NL,d
20230528,CHA,AL,DET,AL,d
20230528,WAS,NL,KCA,AL,d
20230528,SFN,NL,MIL,NL,d
20230528,TOR,AL,MIN,AL,d
20230528,SDN,NL,NYA,AL,d
20230528,HOU,AL,OAK,AL,d
20230528,PIT,NL,SEA,AL,d
20230528,LAN,NL,TBA,AL,n
20230529,COL,NL,ARI,NL,d
20230529,CLE,AL,BAL,AL,d
20230529,ANA,AL,CHA,AL,n
20230529,TBA,AL,CHN,NL,d
20230529,TEX,AL,DET,AL,d
20230529,MIN,AL,HOU,AL,d
20230529,WAS,NL,LAN,NL,n
20230529,ATL,NL,OAK,AL,d
20230529,NYA,AL,SEA,AL,n
20230529,PIT,NL,SFN,NL,d
20230529,KCA,AL,SLN,NL,d
20230530,COL,NL,ARI,NL,n
20230530,CLE,AL,BAL,AL,n
20230530,CIN,NL,BOS,AL,n
20230530,ANA,AL,CHA,AL,n
20230530,TBA,AL,CHN,NL,n
20230530,TEX,AL,DET,AL,n
20230530,MIN,AL,HOU,AL,n
20230530,WAS,NL,LAN,NL,n
20230530,SDN,NL,MIA,NL,n
20230530,PHI,NL,NYN,NL,n
20230530,ATL,NL,OAK,AL,n
20230530,NYA,AL,SEA,AL,n
20230530,PIT,NL,SFN,NL,n
20230530,KCA,AL,SLN,NL,n
20230530,MIL,NL,TOR,AL,n
20230531,COL,NL,ARI,NL,n
20230531,CLE,AL,BAL,AL,d
20230531,CIN,NL,BOS,AL,n
20230531,ANA,AL,CHA,AL,d
20230531,TBA,AL,CHN,NL,d
20230531,TEX,AL,DET,AL,d
20230531,MIN,AL,HOU,AL,n
20230531,WAS,NL,LAN,NL,d
20230531,SDN,NL,MIA,NL,n
20230531,PHI,NL,NYN,NL,n
20230531,ATL,NL,OAK,AL,n
20230531,NYA,AL,SEA,AL,n
20230531,PIT,NL,SFN,NL,n
20230531,MIL,NL,TOR,AL,n
20230601,COL,NL,ARI,NL,n
20230601,CIN,NL,BOS,AL,n
20230601,ANA,AL,HOU,AL,n
20230601,SDN,NL,MIA,NL,d
20230601,CLE,AL,MIN,AL,n
20230601,PHI,NL,NYN,NL,d
20230601,MIL,NL,TOR,AL,d
20230602,ATL,NL,ARI,NL,n
20230602,TBA,AL,BOS,AL,n
20230602,DET,AL,CHA,AL,n
20230602,MIL,NL,CIN,NL,d
20230602,ANA,AL,HOU,AL,n
20230602,COL,NL,KCA,AL,n
20230602,NYA,AL,LAN,NL,n
20230602,OAK,AL,MIA,NL,n
20230602,CLE,AL,MIN,AL,n
20230602,TOR,AL,NYN,NL,n
20230602,SLN,NL,PIT,NL,n
20230602,CHN,NL,SDN,NL,n
20230602,BAL,AL,SFN,NL,n
20230602,SEA,AL,TEX,AL,n
20230602,PHI,NL,WAS,NL,n
20230603,ATL,NL,ARI,NL,n
20230603,TBA,AL,BOS,AL,d
20230603,TBA,AL,BOS,AL,n
20230603,DET,AL,CHA,AL,d
20230603,MIL,NL,CIN,NL,d
20230603,ANA,AL,HOU,AL,d
20230603,COL,NL,KCA,AL,d
20230603,NYA,AL,LAN,NL,d
20230603,OAK,AL,MIA,NL,d
20230603,CLE,AL,MIN,AL,n
20230603,TOR,AL,NYN,NL,d
20230603,SLN,NL,PIT,NL,d
20230603,CHN,NL,SDN,NL,n
20230603,BAL,AL,SFN,NL,n
20230603,SEA,AL,TEX,AL,d
20230603,PHI,NL,WAS,NL,d
20230604,ATL,NL,ARI,NL,d
20230604,TBA,AL,BOS,AL,d
20230604,DET,AL,CHA,AL,d
20230604,MIL,NL,CIN,NL,d
20230604,ANA,AL,HOU,AL,d
20230604,COL,NL,KCA,AL,d
20230604,NYA,AL,LAN,NL,d
20230604,OAK,AL,MIA,NL,d
20230604,CLE,AL,MIN,AL,d
20230604,TOR,AL,NYN,NL,d
20230604,SLN,NL,PIT,NL,n
20230604,CHN,NL,SDN,NL,d
20230604,BAL,AL,SFN,NL,d
20230604,SEA,AL,TEX,AL,d
20230604,PHI,NL,WAS,NL,d
20230605,MIL,NL,CIN,NL,n
20230605,KCA,AL,MIA,NL,n
20230605,DET,AL,PHI,NL,n
20230605,OAK,AL,PIT,NL,n
20230605,CHN,NL,SDN,NL,n
20230605,SLN,NL,TEX,AL,n
20230605,HOU,AL,TOR,AL,n
20230606,CHN,NL,ANA,AL,n
20230606,NYN,NL,ATL,NL,n
20230606,LAN,NL,CIN,NL,n
20230606,BOS,AL,CLE,AL,n
20230606,SFN,NL,COL,NL,n
20230606,KCA,AL,MIA,NL,n
20230606,BAL,AL,MIL,NL,n
20230606,CHA,AL,NYA,AL,n
20230606,DET,AL,PHI,NL,n
20230606,OAK,AL,PIT,NL,n
20230606,SEA,AL,SDN,NL,n
20230606,MIN,AL,TBA,AL,n
20230606,SLN,NL,TEX,AL,n
20230606,HOU,AL,TOR,AL,n
20230606,ARI,NL,WAS,NL,n
20230607,CHN,NL,ANA,AL,n
20230607,NYN,NL,ATL,NL,n
20230607,LAN,NL,CIN,NL,n
20230607,BOS,AL,CLE,AL,n
20230607,SFN,NL,COL,NL,n
20230607,KCA,AL,MIA,NL,n
20230607,BAL,AL,MIL,NL,n
20230607,CHA,AL,NYA,AL,n
20230607,DET,AL,PHI,NL,n
20230607,OAK,AL,PIT,NL,n
20230607,SEA,AL,SDN,NL,d
20230607,MIN,AL,TBA,AL,n
20230607,SLN,NL,TEX,AL,n
20230607,HOU,AL,TOR,AL,n
20230607,ARI,NL,WAS,NL,n
20230608,CHN,NL,ANA,AL,n
20230608,NYN,NL,ATL,NL,n
20230608,LAN,NL,CIN,NL,n
20230608,BOS,AL,CLE,AL,n
20230608,SFN,NL,COL,NL,d
20230608,BAL,AL,MIL,NL,d
20230608,CHA,AL,NYA,AL,n
20230608,MIN,AL,TBA,AL,d
20230608,HOU,AL,TOR,AL,n
20230608,ARI,NL,WAS,NL,d
20230609,SEA,AL,ANA,AL,n
20230609,WAS,NL,ATL,NL,n
20230609,KCA,AL,BAL,AL,n
20230609,MIA,NL,CHA,AL,n
20230609,HOU,AL,CLE,AL,n
20230609,SDN,NL,COL,NL,n
20230609,ARI,NL,DET,AL,n
20230609,OAK,AL,MIL,NL,n
20230609,BOS,AL,NYA,AL,n
20230609,LAN,NL,PHI,NL,n
20230609,NYN,NL,PIT,NL,n
20230609,CHN,NL,SFN,NL,n
20230609,CIN,NL,SLN,NL,n
20230609,TEX,AL,TBA,AL,n
20230609,MIN,AL,TOR,AL,n
20230610,SEA,AL,ANA,AL,n
20230610,WAS,NL,ATL,NL,d
20230610,KCA,AL,BAL,AL,d
20230610,MIA,NL,CHA,AL,d
20230610,HOU,AL,CLE,AL,n
20230610,SDN,NL,COL,NL,d
20230610,ARI,NL,DET,AL,d
20230610,OAK,AL,MIL,NL,d
20230610,BOS,AL,NYA,AL,n
20230610,LAN,NL,PHI,NL,d
20230610,NYN,NL,PIT,NL,d
20230610,CHN,NL,SFN,NL,d
20230610,CIN,NL,SLN,NL,d
20230610,TEX,AL,TBA,AL,d
20230610,MIN,AL,TOR,AL,d
20230611,SEA,AL,ANA,AL,d
20230611,WAS,NL,ATL,NL,d
20230611,KCA,AL,BAL,AL,d
20230611,MIA,NL,CHA,AL,d
20230611,HOU,AL,CLE,AL,d
20230611,SDN,NL,COL,NL,d
20230611,ARI,NL,DET,AL,n
20230611,OAK,AL,MIL,NL,d
20230611,BOS,AL,NYA,AL,d
20230611,LAN,NL,PHI,NL,d
20230611,NYN,NL,PIT,NL,d
20230611,CHN,NL,SFN,NL,d
20230611,CIN,NL,SLN,NL,d
20230611,TEX,AL,TBA,AL,d
20230611,MIN,AL,TOR,AL,d
20230612,PHI,NL,ARI,NL,n
20230612,COL,NL,BOS,AL,n
20230612,ATL,NL,DET,AL,n
20230612,CIN,NL,KCA,AL,n
20230612,TBA,AL,OAK,AL,n
20230612,MIA,NL,SEA,AL,n
20230612,SFN,NL,SLN,NL,n
20230612,ANA,AL,TEX,AL,n
20230613,PHI,NL,ARI,NL,n
20230613,TOR,AL,BAL,AL,n
20230613,COL,NL,BOS,AL,n
20230613,PIT,NL,CHN,NL,n
20230613,ATL,NL,DET,AL,n
20230613,WAS,NL,HOU,AL,n
20230613,CIN,NL,KCA,AL,n
20230613,CHA,AL,LAN,NL,n
20230613,MIL,NL,MIN,AL,n
20230613,NYA,AL,NYN,NL,n
20230613,TBA,AL,OAK,AL,n
20230613,CLE,AL,SDN,NL,n
20230613,MIA,NL,SEA,AL,n
20230613,SFN,NL,SLN,NL,n
20230613,ANA,AL,TEX,AL,n
20230614,PHI,NL,ARI,NL,n
20230614,TOR,AL,BAL,AL,n
20230614,COL,NL,BOS,AL,n
20230614,PIT,NL,CHN,NL,n
20230614,ATL,NL,DET,AL,d
20230614,WAS,NL,HOU,AL,n
20230614,CIN,NL,KCA,AL,n
20230614,CHA,AL,LAN,NL,n
20230614,MIL,NL,MIN,AL,n
20230614,NYA,AL,NYN,NL,n
20230614,TBA,AL,OAK,AL,n
20230614,CLE,AL,SDN,NL,n
20230614,MIA,NL,SEA,AL,n
20230614,SFN,NL,SLN,NL,n
20230614,ANA,AL,TEX,AL,n
20230615,PHI,NL,ARI,NL,n
20230615,COL,NL,ATL,NL,n
20230615,TOR,AL,BAL,AL,d
20230615,PIT,NL,CHN,NL,n
20230615,WAS,NL,HOU,AL,n
20230615,CHA,AL,LAN,NL,n
20230615,DET,AL,MIN,AL,n
20230615,TBA,AL,OAK,AL,n
20230615,CLE,AL,SDN,NL,d
20230615,ANA,AL,TEX,AL,n
20230616,CLE,AL,ARI,NL,n
20230616,COL,NL,ATL,NL,n
20230616,NYA,AL,BOS,AL,n
20230616,BAL,AL,CHN,NL,d
20230616,CIN,NL,HOU,AL,n
20230616,ANA,AL,KCA,AL,n
20230616,SFN,NL,LAN,NL,n
20230616,PIT,NL,MIL,NL,n
20230616,DET,AL,MIN,AL,n
20230616,SLN,NL,NYN,NL,n
20230616,PHI,NL,OAK,AL,n
20230616,TBA,AL,SDN,NL,n
20230616,CHA,AL,SEA,AL,n
20230616,TOR,AL,TEX,AL,n
20230616,MIA,NL,WAS,NL,n
20230617,CLE,AL,ARI,NL,n
20230617,COL,NL,ATL,NL,d
20230617,NYA,AL,BOS,AL,n
20230617,BAL,AL,CHN,NL,d
20230617,CIN,NL,HOU,AL,d
20230617,ANA,AL,KCA,AL,d
20230617,SFN,NL,LAN,NL,n
20230617,PIT,NL,MIL,NL,d
20230617,DET,AL,MIN,AL,d
20230617,SLN,NL,NYN,NL,d
20230617,PHI,NL,OAK,AL,d
20230617,TBA,AL,SDN,NL,d
20230617,CHA,AL,SEA,AL,d
20230617,TOR,AL,TEX,AL,d
20230617,MIA,NL,WAS,NL,d
20230618,CLE,AL,ARI,NL,d
20230618,COL,NL,ATL,NL,d
20230618,NYA,AL,BOS,AL,n
20230618,BAL,AL,CHN,NL,n
20230618,CIN,NL,HOU,AL,d
20230618,ANA,AL,KCA,AL,d
20230618,SFN,NL,LAN,NL,d
20230618,PIT,NL,MIL,NL,d
20230618,DET,AL,MIN,AL,d
20230618,SLN,NL,NYN,NL,d
20230618,PHI,NL,OAK,AL,d
20230618,TBA,AL,SDN,NL,d
20230618,CHA,AL,SEA,AL,d
20230618,TOR,AL,TEX,AL,d
20230618,MIA,NL,WAS,NL,d
20230619,TEX,AL,CHA,AL,n
20230619,COL,NL,CIN,NL,n
20230619,KCA,AL,DET,AL,n
20230619,NYN,NL,HOU,AL,n
20230619,TOR,AL,MIA,NL,n
20230619,ARI,NL,MIL,NL,n
20230619,BOS,AL,MIN,AL,n
20230619,CHN,NL,PIT,NL,n
20230619,SDN,NL,SFN,NL,n
20230619,SLN,NL,WAS,NL,d
20230620,LAN,NL,ANA,AL,n
20230620,TEX,AL,CHA,AL,n
20230620,COL,NL,CIN,NL,n
20230620,OAK,AL,CLE,AL,n
20230620,KCA,AL,DET,AL,n
20230620,NYN,NL,HOU,AL,n
20230620,TOR,AL,MIA,NL,n
20230620,ARI,NL,MIL,NL,n
20230620,BOS,AL,MIN,AL,n
20230620,SEA,AL,NYA,AL,n
20230620,ATL,NL,PHI,NL,n
20230620,CHN,NL,PIT,NL,n
20230620,SDN,NL,SFN,NL,n
20230620,BAL,AL,TBA,AL,n
20230620,SLN,NL,WAS,NL,n
20230621,LAN,NL,ANA,AL,n
20230621,TEX,AL,CHA,AL,n
20230621,COL,NL,CIN,NL,n
20230621,OAK,AL,CLE,AL,n
20230621,KCA,AL,DET,AL,d
20230621,NYN,NL,HOU,AL,d
20230621,TOR,AL,MIA,NL,n
20230621,ARI,NL,MIL,NL,d
20230621,BOS,AL,MIN,AL,n
20230621,SEA,AL,NYA,AL,n
20230621,ATL,NL,PHI,NL,n
20230621,CHN,NL,PIT,NL,n
20230621,SDN,NL,SFN,NL,n
20230621,BAL,AL,TBA,AL,n
20230621,SLN,NL,WAS,NL,d
20230622,OAK,AL,CLE,AL,d
20230622,PIT,NL,MIA,NL,n
20230622,BOS,AL,MIN,AL,n
20230622,SEA,AL,NYA,AL,n
20230622,ATL,NL,PHI,NL,d
20230622,SDN,NL,SFN,NL,n
20230622,KCA,AL,TBA,AL,n
20230623,SEA,AL,BAL,AL,n
20230623,BOS,AL,CHA,AL,n
20230623,ATL,NL,CIN,NL,n
20230623,MIL,NL,CLE,AL,n
20230623,ANA,AL,COL,NL,n
20230623,MIN,AL,DET,AL,n
20230623,HOU,AL,LAN,NL,n
20230623,PIT,NL,MIA,NL,n
20230623,TEX,AL,NYA,AL,n
20230623,NYN,NL,PHI,NL,n
20230623,WAS,NL,SDN,NL,n
20230623,ARI,NL,SFN,NL,n
20230623,KCA,AL,TBA,AL,n
20230623,OAK,AL,TOR,AL,n
20230624,SEA,AL,BAL,AL,d
20230624,BOS,AL,CHA,AL,d
20230624,ATL,NL,CIN,NL,d
20230624,MIL,NL,CLE,AL,d
20230624,ANA,AL,COL,NL,n
20230624,MIN,AL,DET,AL,n
20230624,HOU,AL,LAN,NL,d
20230624,PIT,NL,MIA,NL,d
20230624,TEX,AL,NYA,AL,d
20230624,NYN,NL,PHI,NL,d
20230624,WAS,NL,SDN,NL,d
20230624,ARI,NL,SFN,NL,d
20230624,CHN,NL,SLN,NL,n
20230624,KCA,AL,TBA,AL,d
20230624,OAK,AL,TOR,AL,d
20230625,SEA,AL,BAL,AL,d
20230625,BOS,AL,CHA,AL,d
20230625,ATL,NL,CIN,NL,d
20230625,MIL,NL,CLE,AL,d
20230625,ANA,AL,COL,NL,d
20230625,MIN,AL,DET,AL,d
20230625,HOU,AL,LAN,NL,d
20230625,PIT,NL,MIA,NL,d
20230625,TEX,AL,NYA,AL,d
20230625,NYN,NL,PHI,NL,d
20230625,WAS,NL,SDN,NL,d
20230625,ARI,NL,SFN,NL,d
20230625,CHN,NL,SLN,NL,d
20230625,KCA,AL,TBA,AL,d
20230625,OAK,AL,TOR,AL,d
20230626,CHA,AL,ANA,AL,n
20230626,MIN,AL,ATL,NL,n
20230626,CIN,NL,BAL,AL,n
20230626,MIL,NL,NYN,NL,n
20230626,WAS,NL,SEA,AL,n
20230626,DET,AL,TEX,AL,n
20230627,CHA,AL,ANA,AL,n
20230627,TBA,AL,ARI,NL,n
20230627,MIN,AL,ATL,NL,n
20230627,CIN,NL,BAL,AL,n
20230627,MIA,NL,BOS,AL,n
20230627,PHI,NL,CHN,NL,n
20230627,LAN,NL,COL,NL,n
20230627,CLE,AL,KCA,AL,n
20230627,MIL,NL,NYN,NL,n
20230627,NYA,AL,OAK,AL,n
20230627,SDN,NL,PIT,NL,n
20230627,WAS,NL,SEA,AL,n
20230627,HOU,AL,SLN,NL,n
20230627,DET,AL,TEX,AL,n
20230627,SFN,NL,TOR,AL,n
20230628,CHA,AL,ANA,AL,n
20230628,TBA,AL,ARI,NL,n
20230628,MIN,AL,ATL,NL,n
20230628,CIN,NL,BAL,AL,n
20230628,MIA,NL,BOS,AL,n
20230628,PHI,NL,CHN,NL,n
20230628,LAN,NL,COL,NL,n
20230628,CLE,AL,KCA,AL,n
20230628,MIL,NL,NYN,NL,n
20230628,NYA,AL,OAK,AL,n
20230628,SDN,NL,PIT,NL,n
20230628,WAS,NL,SEA,AL,d
20230628,HOU,AL,SLN,NL,n
20230628,DET,AL,TEX,AL,n
20230628,SFN,NL,TOR,AL,n
20230629,CHA,AL,ANA,AL,d
20230629,TBA,AL,ARI,NL,n
20230629,MIA,NL,BOS,AL,n
20230629,PHI,NL,CHN,NL,n
20230629,LAN,NL,COL,NL,n
20230629,CLE,AL,KCA,AL,d
20230629,MIL,NL,NYN,NL,n
20230629,NYA,AL,OAK,AL,n
20230629,SDN,NL,PIT,NL,n
20230629,HOU,AL,SLN,NL,n
20230629,DET,AL,TEX,AL,d
20230629,SFN,NL,TOR,AL,n
20230630,ARI,NL,ANA,AL,n
20230630,MIA,NL,ATL,NL,n
20230630,MIN,AL,BAL,AL,n
20230630,CLE,AL,CHN,NL,d
20230630,SDN,NL,CIN,NL,n
20230630,DET,AL,COL,NL,n
20230630,LAN,NL,KCA,AL,n
20230630,SFN,NL,NYN,NL,n
20230630,CHA,AL,OAK,AL,n
20230630,WAS,NL,PHI,NL,n
20230630,MIL,NL,PIT,NL,n
20230630,TBA,AL,SEA,AL,n
20230630,NYA,AL,SLN,NL,n
20230630,HOU,AL,TEX,AL,n
20230630,BOS,AL,TOR,AL,n
20230701,ARI,NL,ANA,AL,n
20230701,MIA,NL,ATL,NL,d
20230701,MIN,AL,BAL,AL,d
20230701,CLE,AL,CHN,NL,n
20230701,SDN,NL,CIN,NL,d
20230701,DET,AL,COL,NL,n
20230701,LAN,NL,KCA,AL,n
20230701,SFN,NL,NYN,NL,d
20230701,CHA,AL,OAK,AL,d
20230701,WAS,NL,PHI,NL,d
20230701,MIL,NL,PIT,NL,d
20230701,TBA,AL,SEA,AL,d
20230701,NYA,AL,SLN,NL,d
20230701,HOU,AL,TEX,AL,d
20230701,BOS,AL,TOR,AL,d
20230702,ARI,NL,ANA,AL,d
20230702,MIA,NL,ATL,NL,d
20230702,MIN,AL,BAL,AL,n
20230702,CLE,AL,CHN,NL,d
20230702,SDN,NL,CIN,NL,d
20230702,DET,AL,COL,NL,d
20230702,LAN,NL,KCA,AL,d
20230702,SFN,NL,NYN,NL,d
20230702,CHA,AL,OAK,AL,d
20230702,WAS,NL,PHI,NL,d
20230702,MIL,NL,PIT,NL,d
20230702,TBA,AL,SEA,AL,d
20230702,NYA,AL,SLN,NL,d
20230702,HOU,AL,TEX,AL,d
20230702,BOS,AL,TOR,AL,d
20230703,ATL,NL,CLE,AL,n
20230703,PIT,NL,LAN,NL,n
20230703,SLN,NL,MIA,NL,n
20230703,CHN,NL,MIL,NL,d
20230703,KCA,AL,MIN,AL,n
20230703,BAL,AL,NYA,AL,n
20230703,ANA,AL,SDN,NL,n
20230703,SEA,AL,SFN,NL,n
20230703,HOU,AL,TEX,AL,d
20230703,CIN,NL,WAS,NL,n
20230704,NYN,NL,ARI,NL,d
20230704,TEX,AL,BOS,AL,d
20230704,TOR,AL,CHA,AL,n
20230704,ATL,NL,CLE,AL,n
20230704,OAK,AL,DET,AL,n
20230704,COL,NL,HOU,AL,d
20230704,PIT,NL,LAN,NL,n
20230704,SLN,NL,MIA,NL,d
20230704,CHN,NL,MIL,NL,d
20230704,KCA,AL,MIN,AL,d
20230704,BAL,AL,NYA,AL,d
20230704,ANA,AL,SDN,NL,d
20230704,SEA,AL,SFN,NL,d
20230704,PHI,NL,TBA,AL,d
20230704,CIN,NL,WAS,NL,n
20230705,NYN,NL,ARI,NL,n
20230705,TEX,AL,BOS,AL,n
20230705,TOR,AL,CHA,AL,n
20230705,ATL,NL,CLE,AL,n
20230705,OAK,AL,DET,AL,n
20230705,COL,NL,HOU,AL,d
20230705,PIT,NL,LAN,NL,n
20230705,SLN,NL,MIA,NL,n
20230705,CHN,NL,MIL,NL,n
20230705,KCA,AL,MIN,AL,n
20230705,BAL,AL,NYA,AL,n
20230705,ANA,AL,SDN,NL,d
20230705,SEA,AL,SFN,NL,n
20230705,PHI,NL,TBA,AL,n
20230705,CIN,NL,WAS,NL,n
20230706,NYN,NL,ARI,NL,n
20230706,TEX,AL,BOS,AL,n
20230706,TOR,AL,CHA,AL,n
20230706,KCA,AL,CLE,AL,n
20230706,OAK,AL,DET,AL,d
20230706,SEA,AL,HOU,AL,n
20230706,PIT,NL,LAN,NL,n
20230706,SLN,NL,MIA,NL,n
20230706,CHN,NL,MIL,NL,d
20230706,BAL,AL,NYA,AL,n
20230706,PHI,NL,TBA,AL,n
20230706,CIN,NL,WAS,NL,d
20230707,PIT,NL,ARI,NL,n
20230707,OAK,AL,BOS,AL,n
20230707,SLN,NL,CHA,AL,n
20230707,KCA,AL,CLE,AL,n
20230707,TOR,AL,DET,AL,n
20230707,SEA,AL,HOU,AL,n
20230707,ANA,AL,LAN,NL,n
20230707,PHI,NL,MIA,NL,n
20230707,CIN,NL,MIL,NL,n
20230707,BAL,AL,MIN,AL,n
20230707,CHN,NL,NYA,AL,n
20230707,NYN,NL,SDN,NL,n
20230707,COL,NL,SFN,NL,n
20230707,ATL,NL,TBA,AL,n
20230707,TEX,AL,WAS,NL,n
20230708,PIT,NL,ARI,NL,d
20230708,OAK,AL,BOS,AL,d
20230708,SLN,NL,CHA,AL,d
20230708,KCA,AL,CLE,AL,d
20230708,TOR,AL,DET,AL,d
20230708,SEA,AL,HOU,AL,n
20230708,ANA,AL,LAN,NL,n
20230708,PHI,NL,MIA,NL,d
20230708,CIN,NL,MIL,NL,d
20230708,BAL,AL,MIN,AL,d
20230708,CHN,NL,NYA,AL,d
20230708,NYN,NL,SDN,NL,n
20230708,COL,NL,SFN,NL,d
20230708,ATL,NL,TBA,AL,n
20230708,TEX,AL,WAS,NL,d
20230709,PIT,NL,ARI,NL,d
20230709,OAK,AL,BOS,AL,d
20230709,SLN,NL,CHA,AL,d
20230709,KCA,AL,CLE,AL,d
20230709,TOR,AL,DET,AL,d
20230709,SEA,AL,HOU,AL,d
20230709,PHI,NL,MIA,NL,d
20230709,CIN,NL,MIL,NL,d
20230709,BAL,AL,MIN,AL,d
20230709,CHN,NL,NYA,AL,d
20230709,NYN,NL,SDN,NL,d
20230709,COL,NL,SFN,NL,d
20230709,ATL,NL,TBA,AL,d
20230709,TEX,AL,WAS,NL,n
20230714,HOU,AL,ANA,AL,n
20230714,CHA,AL,ATL,NL,n
20230714,MIA,NL,BAL,AL,n
20230714,BOS,AL,CHN,NL,n
20230714,MIL,NL,CIN,NL,n
20230714,NYA,AL,COL,NL,n
20230714,TBA,AL,KCA,AL,n
20230714,LAN,NL,NYN,NL,n
20230714,MIN,AL,OAK,AL,n
20230714,SDN,NL,PHI,NL,n
20230714,SFN,NL,PIT,NL,n
20230714,DET,AL,SEA,AL,n
20230714,WAS,NL,SLN,NL,n
20230714,CLE,AL,TEX,AL,n
20230714,ARI,NL,TOR,AL,n
20230715,HOU,AL,ANA,AL,n
20230715,CHA,AL,ATL,NL,n
20230715,MIA,NL,BAL,AL,n
20230715,BOS,AL,CHN,NL,d
20230715,MIL,NL,CIN,NL,n
20230715,NYA,AL,COL,NL,n
20230715,TBA,AL,KCA,AL,n
20230715,LAN,NL,NYN,NL,n
20230715,MIN,AL,OAK,AL,d
20230715,SDN,NL,PHI,NL,d
20230715,SDN,NL,PHI,NL,n
20230715,SFN,NL,PIT,NL,n
20230715,DET,AL,SEA,AL,n
20230715,WAS,NL,SLN,NL,n
20230715,CLE,AL,TEX,AL,d
20230715,ARI,NL,TOR,AL,d
20230716,HOU,AL,ANA,AL,d
20230716,CHA,AL,ATL,NL,d
20230716,MIA,NL,BAL,AL,d
20230716,BOS,AL,CHN,NL,d
20230716,MIL,NL,CIN,NL,d
20230716,NYA,AL,COL,NL,d
20230716,TBA,AL,KCA,AL,d
20230716,LAN,NL,NYN,NL,d
20230716,MIN,AL,OAK,AL,d
20230716,SDN,NL,PHI,NL,d
20230716,SFN,NL,PIT,NL,n
20230716,DET,AL,SEA,AL,d
20230716,WAS,NL,SLN,NL,d
20230716,CLE,AL,TEX,AL,d
20230716,ARI,NL,TOR,AL,d
20230717,NYA,AL,ANA,AL,n
20230717,LAN,NL,BAL,AL,n
20230717,WAS,NL,CHN,NL,n
20230717,SFN,NL,CIN,NL,n
20230717,DET,AL,KCA,AL,n
20230717,BOS,AL,OAK,AL,n
20230717,CLE,AL,PIT,NL,n
20230717,MIN,AL,SEA,AL,n
20230717,MIA,NL,SLN,NL,n
20230717,TBA,AL,TEX,AL,n
20230718,NYA,AL,ANA,AL,n
20230718,ARI,NL,ATL,NL,n
20230718,LAN,NL,BAL,AL,n
20230718,WAS,NL,CHN,NL,n
20230718,SFN,NL,CIN,NL,n
20230718,HOU,AL,COL,NL,n
20230718,DET,AL,KCA,AL,n
20230718,CHA,AL,NYN,NL,n
20230718,BOS,AL,OAK,AL,n
20230718,MIL,NL,PHI,NL,n
20230718,CLE,AL,PIT,NL,n
20230718,MIN,AL,SEA,AL,n
20230718,MIA,NL,SLN,NL,n
20230718,TBA,AL,TEX,AL,n
20230718,SDN,NL,TOR,AL,n
20230719,NYA,AL,ANA,AL,d
20230719,ARI,NL,ATL,NL,n
20230719,LAN,NL,BAL,AL,d
20230719,WAS,NL,CHN,NL,n
20230719,SFN,NL,CIN,NL,n
20230719,HOU,AL,COL,NL,d
20230719,DET,AL,KCA,AL,n
20230719,CHA,AL,NYN,NL,n
20230719,BOS,AL,OAK,AL,n
20230719,MIL,NL,PHI,NL,n
20230719,CLE,AL,PIT,NL,n
20230719,MIN,AL,SEA,AL,n
20230719,MIA,NL,SLN,NL,d
20230719,TBA,AL,TEX,AL,d
20230719,SDN,NL,TOR,AL,n
20230720,ARI,NL,ATL,NL,n
20230720,SLN,NL,CHN,NL,n
20230720,SFN,NL,CIN,NL,n
20230720,DET,AL,KCA,AL,d
20230720,CHA,AL,NYN,NL,d
20230720,HOU,AL,OAK,AL,n
20230720,MIL,NL,PHI,NL,n
20230720,MIN,AL,SEA,AL,n
20230720,BAL,AL,TBA,AL,n
20230720,SDN,NL,TOR,AL,d
20230721,PIT,NL,ANA,AL,n
20230721,NYN,NL,BOS,AL,n
20230721,SLN,NL,CHN,NL,d
20230721,ARI,NL,CIN,NL,n
20230721,PHI,NL,CLE,AL,n
20230721,SDN,NL,DET,AL,n
20230721,COL,NL,MIA,NL,n
20230721,ATL,NL,MIL,NL,n
20230721,CHA,AL,MIN,AL,n
20230721,KCA,AL,NYA,AL,n
20230721,HOU,AL,OAK,AL,n
20230721,TOR,AL,SEA,AL,n
20230721,BAL,AL,TBA,AL,n
20230721,LAN,NL,TEX,AL,n
20230721,SFN,NL,WAS,NL,n
20230722,PIT,NL,ANA,AL,n
20230722,NYN,NL,BOS,AL,d
20230722,SLN,NL,CHN,NL,d
20230722,ARI,NL,CIN,NL,d
20230722,PHI,NL,CLE,AL,n
20230722,SDN,NL,DET,AL,n
20230722,COL,NL,MIA,NL,d
20230722,ATL,NL,MIL,NL,n
20230722,CHA,AL,MIN,AL,n
20230722,KCA,AL,NYA,AL,d
20230722,HOU,AL,OAK,AL,n
20230722,TOR,AL,SEA,AL,d
20230722,BAL,AL,TBA,AL,d
20230722,LAN,NL,TEX,AL,d
20230722,SFN,NL,WAS,NL,n
20230723,PIT,NL,ANA,AL,d
20230723,NYN,NL,BOS,AL,
20230723,SLN,NL,CHN,NL,d
20230723,ARI,NL,CIN,NL,d
20230723,PHI,NL,CLE,AL,d
20230723,SDN,NL,DET,AL,n
20230723,COL,NL,MIA,NL,d
20230723,ATL,NL,MIL,NL,d
20230723,CHA,AL,MIN,AL,d
20230723,KCA,AL,NYA,AL,d
20230723,HOU,AL,OAK,AL,d
20230723,TOR,AL,SEA,AL,d
20230723,BAL,AL,TBA,AL,d
20230723,LAN,NL,TEX,AL,d
20230723,SFN,NL,WAS,NL,d
20230724,SLN,NL,ARI,NL,n
20230724,KCA,AL,CLE,AL,n
20230724,TEX,AL,HOU,AL,n
20230724,TOR,AL,LAN,NL,n
20230724,CIN,NL,MIL,NL,n
20230724,SEA,AL,MIN,AL,n
20230724,BAL,AL,PHI,NL,n
20230724,PIT,NL,SDN,NL,n
20230724,COL,NL,WAS,NL,n
20230725,SLN,NL,ARI,NL,n
20230725,ATL,NL,BOS,AL,n
20230725,CHN,NL,CHA,AL,n
20230725,KCA,AL,CLE,AL,n
20230725,ANA,AL,DET,AL,n
20230725,TEX,AL,HOU,AL,n
20230725,TOR,AL,LAN,NL,n
20230725,CIN,NL,MIL,NL,n
20230725,SEA,AL,MIN,AL,n
20230725,NYN,NL,NYA,AL,n
20230725,BAL,AL,PHI,NL,n
20230725,PIT,NL,SDN,NL,n
20230725,OAK,AL,SFN,NL,n
20230725,MIA,NL,TBA,AL,n
20230725,COL,NL,WAS,NL,n
20230726,SLN,NL,ARI,NL,n
20230726,ATL,NL,BOS,AL,n
20230726,CHN,NL,CHA,AL,n
20230726,KCA,AL,CLE,AL,d
20230726,ANA,AL,DET,AL,n
20230726,TEX,AL,HOU,AL,n
20230726,TOR,AL,LAN,NL,d
20230726,CIN,NL,MIL,NL,d
20230726,SEA,AL,MIN,AL,n
20230726,NYN,NL,NYA,AL,n
20230726,BAL,AL,PHI,NL,n
20230726,PIT,NL,SDN,NL,d
20230726,OAK,AL,SFN,NL,n
20230726,MIA,NL,TBA,AL,n
20230726,COL,NL,WAS,NL,n
20230727,CLE,AL,CHA,AL,n
20230727,ANA,AL,DET,AL,d
20230727,WAS,NL,NYN,NL,n
20230727,CHN,NL,SLN,NL,n
20230728,SEA,AL,ARI,NL,n
20230728,MIL,NL,ATL,NL,n
20230728,NYA,AL,BAL,AL,n
20230728,CLE,AL,CHA,AL,n
20230728,OAK,AL,COL,NL,n
20230728,TBA,AL,HOU,AL,n
20230728,MIN,AL,KCA,AL,n
20230728,CIN,NL,LAN,NL,n
20230728,DET,AL,MIA,NL,n
20230728,WAS,NL,NYN,NL,n
20230728,PHI,NL,PIT,NL,n
20230728,TEX,AL,SDN,NL,n
20230728,BOS,AL,SFN,NL,n
20230728,CHN,NL,SLN,NL,n
20230728,ANA,AL,TOR,AL,n
20230729,SEA,AL,ARI,NL,d
20230729,MIL,NL,ATL,NL,n
20230729,NYA,AL,BAL,AL,n
20230729,CLE,AL,CHA,AL,n
20230729,OAK,AL,COL,NL,n
20230729,TBA,AL,HOU,AL,n
20230729,MIN,AL,KCA,AL,n
20230729,CIN,NL,LAN,NL,n
20230729,DET,AL,MIA,NL,d
20230729,WAS,NL,NYN,NL,n
20230729,PHI,NL,PIT,NL,n
20230729,TEX,AL,SDN,NL,d
20230729,BOS,AL,SFN,NL,d
20230729,CHN,NL,SLN,NL,n
20230729,ANA,AL,TOR,AL,d
20230730,SEA,AL,ARI,NL,d
20230730,MIL,NL,ATL,NL,d
20230730,NYA,AL,BAL,AL,d
20230730,CLE,AL,CHA,AL,d
20230730,OAK,AL,COL,NL,d
20230730,TBA,AL,HOU,AL,d
20230730,MIN,AL,KCA,AL,d
20230730,CIN,NL,LAN,NL,d
20230730,DET,AL,MIA,NL,d
20230730,WAS,NL,NYN,NL,d
20230730,PHI,NL,PIT,NL,d
20230730,TEX,AL,SDN,NL,d
20230730,BOS,AL,SFN,NL,d
20230730,CHN,NL,SLN,NL,d
20230730,ANA,AL,TOR,AL,n
20230731,ANA,AL,ATL,NL,n
20230731,CIN,NL,CHN,NL,n
20230731,SDN,NL,COL,NL,n
20230731,CLE,AL,HOU,AL,n
20230731,PHI,NL,MIA,NL,n
20230731,TBA,AL,NYA,AL,n
20230731,BOS,AL,SEA,AL,n
20230731,ARI,NL,SFN,NL,n
20230731,BAL,AL,TOR,AL,n
20230731,MIL,NL,WAS,NL,n
20230801,ANA,AL,ATL,NL,n
20230801,CIN,NL,CHN,NL,n
20230801,SDN,NL,COL,NL,n
20230801,CLE,AL,HOU,AL,n
20230801,NYN,NL,KCA,AL,n
20230801,OAK,AL,LAN,NL,n
20230801,PHI,NL,MIA,NL,n
20230801,TBA,AL,NYA,AL,n
20230801,DET,AL,PIT,NL,n
20230801,BOS,AL,SEA,AL,n
20230801,ARI,NL,SFN,NL,n
20230801,MIN,AL,SLN,NL,n
20230801,CHA,AL,TEX,AL,n
20230801,BAL,AL,TOR,AL,n
20230801,MIL,NL,WAS,NL,n
20230802,ANA,AL,ATL,NL,n
20230802,CIN,NL,CHN,NL,n
20230802,SDN,NL,COL,NL,d
20230802,CLE,AL,HOU,AL,d
20230802,NYN,NL,KCA,AL,n
20230802,OAK,AL,LAN,NL,n
20230802,PHI,NL,MIA,NL,n
20230802,TBA,AL,NYA,AL,n
20230802,DET,AL,PIT,NL,n
20230802,BOS,AL,SEA,AL,d
20230802,ARI,NL,SFN,NL,n
20230802,MIN,AL,SLN,NL,n
20230802,CHA,AL,TEX,AL,n
20230802,BAL,AL,TOR,AL,n
20230802,MIL,NL,WAS,NL,d
20230803,SEA,AL,ANA,AL,n
20230803,CIN,NL,CHN,NL,n
20230803,NYN,NL,KCA,AL,d
20230803,OAK,AL,LAN,NL,n
20230803,PHI,NL,MIA,NL,n
20230803,PIT,NL,MIL,NL,n
20230803,HOU,AL,NYA,AL,n
20230803,ARI,NL,SFN,NL,n
20230803,MIN,AL,SLN,NL,n
20230803,CHA,AL,TEX,AL,d
20230803,BAL,AL,TOR,AL,d
20230804,SEA,AL,ANA,AL,n
20230804,NYN,NL,BAL,AL,n
20230804,TOR,AL,BOS,AL,n
20230804,ATL,NL,CHN,NL,d
20230804,WAS,NL,CIN,NL,n
20230804,CHA,AL,CLE,AL,n
20230804,TBA,AL,DET,AL,n
20230804,PIT,NL,MIL,NL,n
20230804,ARI,NL,MIN,AL,n
20230804,HOU,AL,NYA,AL,n
20230804,KCA,AL,PHI,NL,n
20230804,LAN,NL,SDN,NL,n
20230804,COL,NL,SLN,NL,n
20230804,MIA,NL,TEX,AL,n
20230805,SEA,AL,ANA,AL,n
20230805,NYN,NL,BAL,AL,n
20230805,TOR,AL,BOS,AL,d
20230805,ATL,NL,CHN,NL,d
20230805,WAS,NL,CIN,NL,d
20230805,CHA,AL,CLE,AL,n
20230805,TBA,AL,DET,AL,d
20230805,PIT,NL,MIL,NL,n
20230805,ARI,NL,MIN,AL,n
20230805,HOU,AL,NYA,AL,d
20230805,SFN,NL,OAK,AL,d
20230805,KCA,AL,PHI,NL,n
20230805,LAN,NL,SDN,NL,d
20230805,COL,NL,SLN,NL,n
20230805,MIA,NL,TEX,AL,d
20230806,SEA,AL,ANA,AL,d
20230806,NYN,NL,BAL,AL,d
20230806,TOR,AL,BOS,AL,d
20230806,ATL,NL,CHN,NL,d
20230806,WAS,NL,CIN,NL,d
20230806,CHA,AL,CLE,AL,n
20230806,TBA,AL,DET,AL,d
20230806,PIT,NL,MIL,NL,d
20230806,ARI,NL,MIN,AL,d
20230806,HOU,AL,NYA,AL,d
20230806,SFN,NL,OAK,AL,d
20230806,KCA,AL,PHI,NL,d
20230806,LAN,NL,SDN,NL,d
20230806,COL,NL,SLN,NL,d
20230806,MIA,NL,TEX,AL,d
20230807,SFN,NL,ANA,AL,n
20230807,KCA,AL,BOS,AL,n
20230807,NYA,AL,CHA,AL,n
20230807,MIA,NL,CIN,NL,n
20230807,TOR,AL,CLE,AL,n
20230807,MIN,AL,DET,AL,n
20230807,COL,NL,MIL,NL,n
20230807,CHN,NL,NYN,NL,n
20230807,TEX,AL,OAK,AL,n
20230807,WAS,NL,PHI,NL,n
20230807,ATL,NL,PIT,NL,n
20230807,LAN,NL,SDN,NL,d
20230808,SFN,NL,ANA,AL,n
20230808,LAN,NL,ARI,NL,n
20230808,HOU,AL,BAL,AL,n
20230808,KCA,AL,BOS,AL,n
20230808,NYA,AL,CHA,AL,n
20230808,MIA,NL,CIN,NL,n
20230808,TOR,AL,CLE,AL,n
20230808,MIN,AL,DET,AL,n
20230808,COL,NL,MIL,NL,n
20230808,CHN,NL,NYN,NL,n
20230808,TEX,AL,OAK,AL,n
20230808,WAS,NL,PHI,NL,n
20230808,ATL,NL,PIT,NL,n
20230808,SDN,NL,SEA,AL,n
20230808,SLN,NL,TBA,AL,n
20230809,SFN,NL,ANA,AL,n
20230809,LAN,NL,ARI,NL,n
20230809,HOU,AL,BAL,AL,n
20230809,KCA,AL,BOS,AL,n
20230809,NYA,AL,CHA,AL,n
20230809,MIA,NL,CIN,NL,n
20230809,TOR,AL,CLE,AL,n
20230809,MIN,AL,DET,AL,n
20230809,COL,NL,MIL,NL,d
20230809,CHN,NL,NYN,NL,n
20230809,TEX,AL,OAK,AL,n
20230809,WAS,NL,PHI,NL,n
20230809,ATL,NL,PIT,NL,n
20230809,SDN,NL,SEA,AL,n
20230809,SLN,NL,TBA,AL,n
20230810,HOU,AL,BAL,AL,n
20230810,KCA,AL,BOS,AL,n
20230810,TOR,AL,CLE,AL,d
20230810,MIN,AL,DET,AL,d
20230810,COL,NL,LAN,NL,n
20230810,WAS,NL,PHI,NL,n
20230810,ATL,NL,PIT,NL,n
20230810,SLN,NL,TBA,AL,n
20230811,SDN,NL,ARI,NL,n
20230811,DET,AL,BOS,AL,n
20230811,MIL,NL,CHA,AL,n
20230811,ANA,AL,HOU,AL,n
20230811,SLN,NL,KCA,AL,n
20230811,COL,NL,LAN,NL,n
20230811,NYA,AL,MIA,NL,n
20230811,ATL,NL,NYN,NL,n
20230811,MIN,AL,PHI,NL,n
20230811,CIN,NL,PIT,NL,n
20230811,BAL,AL,SEA,AL,n
20230811,TEX,AL,SFN,NL,n
20230811,CLE,AL,TBA,AL,n
20230811,CHN,NL,TOR,AL,n
20230811,OAK,AL,WAS,NL,n
20230812,SDN,NL,ARI,NL,d
20230812,DET,AL,BOS,AL,d
20230812,MIL,NL,CHA,AL,n
20230812,ANA,AL,HOU,AL,n
20230812,SLN,NL,KCA,AL,n
20230812,COL,NL,LAN,NL,n
20230812,NYA,AL,MIA,NL,d
20230812,ATL,NL,NYN,NL,n
20230812,MIN,AL,PHI,NL,n
20230812,CIN,NL,PIT,NL,n
20230812,BAL,AL,SEA,AL,n
20230812,TEX,AL,SFN,NL,n
20230812,CLE,AL,TBA,AL,d
20230812,CHN,NL,TOR,AL,d
20230812,OAK,AL,WAS,NL,n
20230813,SDN,NL,ARI,NL,d
20230813,DET,AL,BOS,AL,n
20230813,MIL,NL,CHA,AL,d
20230813,ANA,AL,HOU,AL,d
20230813,COL,NL,LAN,NL,d
20230813,NYA,AL,MIA,NL,d
20230813,ATL,NL,NYN,NL,d
20230813,MIN,AL,PHI,NL,d
20230813,CIN,NL,PIT,NL,d
20230813,BAL,AL,SEA,AL,d
20230813,TEX,AL,SFN,NL,d
20230813,CLE,AL,TBA,AL,d
20230813,CHN,NL,TOR,AL,d
20230813,OAK,AL,WAS,NL,d
20230814,NYA,AL,ATL,NL,n
20230814,ARI,NL,COL,NL,n
20230814,SEA,AL,KCA,AL,n
20230814,HOU,AL,MIA,NL,n
20230814,PIT,NL,NYN,NL,n
20230814,BAL,AL,SDN,NL,n
20230814,TBA,AL,SFN,NL,n
20230814,OAK,AL,SLN,NL,n
20230814,ANA,AL,TEX,AL,n
20230815,NYA,AL,ATL,NL,n
20230815,CHA,AL,CHN,NL,n
20230815,CLE,AL,CIN,NL,n
20230815,ARI,NL,COL,NL,n
20230815,SEA,AL,KCA,AL,n
20230815,MIL,NL,LAN,NL,n
20230815,HOU,AL,MIA,NL,n
20230815,DET,AL,MIN,AL,n
20230815,PIT,NL,NYN,NL,n
20230815,BAL,AL,SDN,NL,n
20230815,TBA,AL,SFN,NL,n
20230815,OAK,AL,SLN,NL,n
20230815,ANA,AL,TEX,AL,n
20230815,PHI,NL,TOR,AL,n
20230815,BOS,AL,WAS,NL,n
20230816,NYA,AL,ATL,NL,n
20230816,CHA,AL,CHN,NL,n
20230816,CLE,AL,CIN,NL,n
20230816,ARI,NL,COL,NL,d
20230816,SEA,AL,KCA,AL,n
20230816,MIL,NL,LAN,NL,n
20230816,HOU,AL,MIA,NL,n
20230816,DET,AL,MIN,AL,n
20230816,PIT,NL,NYN,NL,d
20230816,BAL,AL,SDN,NL,d
20230816,TBA,AL,SFN,NL,n
20230816,OAK,AL,SLN,NL,d
20230816,ANA,AL,TEX,AL,n
20230816,PHI,NL,TOR,AL,n
20230816,BOS,AL,WAS,NL,n
20230817,DET,AL,CLE,AL,n
20230817,SEA,AL,KCA,AL,d
20230817,MIL,NL,LAN,NL,n
20230817,ARI,NL,SDN,NL,n
20230817,NYN,NL,SLN,NL,n
20230817,BOS,AL,WAS,NL,d
20230818,TBA,AL,ANA,AL,n
20230818,SFN,NL,ATL,NL,n
20230818,KCA,AL,CHN,NL,d
20230818,TOR,AL,CIN,NL,n
20230818,DET,AL,CLE,AL,n
20230818,CHA,AL,COL,NL,n
20230818,SEA,AL,HOU,AL,n
20230818,MIA,NL,LAN,NL,n
20230818,PIT,NL,MIN,AL,n
20230818,BOS,AL,NYA,AL,n
20230818,BAL,AL,OAK,AL,n
20230818,ARI,NL,SDN,NL,n
20230818,NYN,NL,SLN,NL,n
20230818,MIL,NL,TEX,AL,n
20230818,PHI,NL,WAS,NL,n
20230819,TBA,AL,ANA,AL,n
20230819,SFN,NL,ATL,NL,n
20230819,KCA,AL,CHN,NL,d
20230819,TOR,AL,CIN,NL,n
20230819,DET,AL,CLE,AL,n
20230819,CHA,AL,COL,NL,n
20230819,SEA,AL,HOU,AL,n
20230819,MIA,NL,LAN,NL,n
20230819,PIT,NL,MIN,AL,n
20230819,BOS,AL,NYA,AL,d
20230819,BAL,AL,OAK,AL,n
20230819,ARI,NL,SDN,NL,d
20230819,NYN,NL,SLN,NL,n
20230819,MIL,NL,TEX,AL,d
20230819,PHI,NL,WAS,NL,d
20230820,TBA,AL,ANA,AL,d
20230820,SFN,NL,ATL,NL,d
20230820,KCA,AL,CHN,NL,d
20230820,TOR,AL,CIN,NL,d
20230820,DET,AL,CLE,AL,d
20230820,CHA,AL,COL,NL,d
20230820,SEA,AL,HOU,AL,n
20230820,MIA,NL,LAN,NL,d
20230820,PIT,NL,MIN,AL,d
20230820,BOS,AL,NYA,AL,d
20230820,BAL,AL,OAK,AL,d
20230820,ARI,NL,SDN,NL,d
20230820,NYN,NL,SLN,NL,d
20230820,MIL,NL,TEX,AL,d
20230820,PHI,NL,WAS,NL,n
20230821,CIN,NL,ANA,AL,n
20230821,TEX,AL,ARI,NL,n
20230821,NYN,NL,ATL,NL,n
20230821,SEA,AL,CHA,AL,n
20230821,CHN,NL,DET,AL,n
20230821,BOS,AL,HOU,AL,n
20230821,KCA,AL,OAK,AL,n
20230821,SFN,NL,PHI,NL,n
20230821,SLN,NL,PIT,NL,n
20230821,MIA,NL,SDN,NL,n
20230822,CIN,NL,ANA,AL,n
20230822,TEX,AL,ARI,NL,n
20230822,NYN,NL,ATL,NL,n
20230822,TOR,AL,BAL,AL,n
20230822,SEA,AL,CHA,AL,n
20230822,LAN,NL,CLE,AL,n
20230822,CHN,NL,DET,AL,n
20230822,BOS,AL,HOU,AL,n
20230822,MIN,AL,MIL,NL,n
20230822,WAS,NL,NYA,AL,n
20230822,KCA,AL,OAK,AL,n
20230822,SFN,NL,PHI,NL,n
20230822,SLN,NL,PIT,NL,n
20230822,MIA,NL,SDN,NL,n
20230822,COL,NL,TBA,AL,n
20230823,CIN,NL,ANA,AL,d
20230823,NYN,NL,ATL,NL,n
20230823,TOR,AL,BAL,AL,n
20230823,SEA,AL,CHA,AL,d
20230823,LAN,NL,CLE,AL,n
20230823,CHN,NL,DET,AL,d
20230823,BOS,AL,HOU,AL,n
20230823,MIN,AL,MIL,NL,d
20230823,WAS,NL,NYA,AL,n
20230823,KCA,AL,OAK,AL,n
20230823,SFN,NL,PHI,NL,d
20230823,SLN,NL,PIT,NL,n
20230823,MIA,NL,SDN,NL,d
20230823,COL,NL,TBA,AL,n
20230824,CIN,NL,ARI,NL,n
20230824,TOR,AL,BAL,AL,n
20230824,OAK,AL,CHA,AL,n
20230824,LAN,NL,CLE,AL,d
20230824,BOS,AL,HOU,AL,d
20230824,TEX,AL,MIN,AL,n
20230824,WAS,NL,NYA,AL,d
20230824,CHN,NL,PIT,NL,n
20230824,COL,NL,TBA,AL,d
20230825,CIN,NL,ARI,NL,n
20230825,COL,NL,BAL,AL,n
20230825,LAN,NL,BOS,AL,n
20230825,OAK,AL,CHA,AL,n
20230825,HOU,AL,DET,AL,n
20230825,WAS,NL,MIA,NL,n
20230825,SDN,NL,MIL,NL,n
20230825,TEX,AL,MIN,AL,n
20230825,ANA,AL,NYN,NL,n
20230825,SLN,NL,PHI,NL,n
20230825,CHN,NL,PIT,NL,n
20230825,KCA,AL,SEA,AL,n
20230825,ATL,NL,SFN,NL,n
20230825,NYA,AL,TBA,AL,n
20230825,CLE,AL,TOR,AL,n
20230826,CIN,NL,ARI,NL,d
20230826,COL,NL,BAL,AL,n
20230826,LAN,NL,BOS,AL,d
20230826,OAK,AL,CHA,AL,n
20230826,HOU,AL,DET,AL,n
20230826,WAS,NL,MIA,NL,d
20230826,SDN,NL,MIL,NL,n
20230826,TEX,AL,MIN,AL,n
20230826,ANA,AL,NYN,NL,n
20230826,SLN,NL,PHI,NL,n
20230826,CHN,NL,PIT,NL,n
20230826,KCA,AL,SEA,AL,d
20230826,ATL,NL,SFN,NL,d
20230826,NYA,AL,TBA,AL,d
20230826,CLE,AL,TOR,AL,d
20230827,CIN,NL,ARI,NL,d
20230827,COL,NL,BAL,AL,d
20230827,LAN,NL,BOS,AL,
20230827,OAK,AL,CHA,AL,d
20230827,HOU,AL,DET,AL,d
20230827,WAS,NL,MIA,NL,d
20230827,SDN,NL,MIL,NL,d
20230827,TEX,AL,MIN,AL,d
20230827,ANA,AL,NYN,NL,n
20230827,SLN,NL,PHI,NL,d
20230827,CHN,NL,PIT,NL,d
20230827,KCA,AL,SEA,AL,d
20230827,ATL,NL,SFN,NL,d
20230827,NYA,AL,TBA,AL,d
20230827,CLE,AL,TOR,AL,d
20230828,CHA,AL,BAL,AL,n
20230828,HOU,AL,BOS,AL,n
20230828,MIL,NL,CHN,NL,n
20230828,ATL,NL,COL,NL,n
20230828,NYA,AL,DET,AL,n
20230828,PIT,NL,KCA,AL,n
20230828,ARI,NL,LAN,NL,n
20230828,CLE,AL,MIN,AL,n
20230828,TEX,AL,NYN,NL,n
20230828,ANA,AL,PHI,NL,n
20230828,OAK,AL,SEA,AL,n
20230828,CIN,NL,SFN,NL,n
20230828,SDN,NL,SLN,NL,n
20230828,WAS,NL,TOR,AL,n
20230829,CHA,AL,BAL,AL,n
20230829,HOU,AL,BOS,AL,n
20230829,MIL,NL,CHN,NL,n
20230829,ATL,NL,COL,NL,n
20230829,NYA,AL,DET,AL,n
20230829,PIT,NL,KCA,AL,n
20230829,ARI,NL,LAN,NL,n
20230829,TBA,AL,MIA,NL,n
20230829,CLE,AL,MIN,AL,n
20230829,TEX,AL,NYN,NL,n
20230829,ANA,AL,PHI,NL,n
20230829,OAK,AL,SEA,AL,n
20230829,CIN,NL,SFN,NL,n
20230829,SDN,NL,SLN,NL,n
20230829,WAS,NL,TOR,AL,n
20230830,CHA,AL,BAL,AL,d
20230830,HOU,AL,BOS,AL,d
20230830,MIL,NL,CHN,NL,d
20230830,ATL,NL,COL,NL,n
20230830,NYA,AL,DET,AL,n
20230830,PIT,NL,KCA,AL,n
20230830,ARI,NL,LAN,NL,n
20230830,TBA,AL,MIA,NL,n
20230830,CLE,AL,MIN,AL,n
20230830,TEX,AL,NYN,NL,n
20230830,ANA,AL,PHI,NL,d
20230830,OAK,AL,SEA,AL,d
20230830,CIN,NL,SFN,NL,n
20230830,SDN,NL,SLN,NL,d
20230830,WAS,NL,TOR,AL,d
20230831,NYA,AL,DET,AL,d
20230831,ATL,NL,LAN,NL,n
20230831,SFN,NL,SDN,NL,n
20230831,MIA,NL,WAS,NL,n
20230901,BAL,AL,ARI,NL,n
20230901,DET,AL,CHA,AL,n
20230901,CHN,NL,CIN,NL,n
20230901,TBA,AL,CLE,AL,n
20230901,TOR,AL,COL,NL,n
20230901,NYA,AL,HOU,AL,n
20230901,BOS,AL,KCA,AL,n
20230901,ATL,NL,LAN,NL,n
20230901,PHI,NL,MIL,NL,n
20230901,SEA,AL,NYN,NL,n
20230901,ANA,AL,OAK,AL,n
20230901,SFN,NL,SDN,NL,n
20230901,PIT,NL,SLN,NL,n
20230901,MIN,AL,TEX,AL,n
20230901,MIA,NL,WAS,NL,n
20230902,BAL,AL,ARI,NL,d
20230902,DET,AL,CHA,AL,n
20230902,CHN,NL,CIN,NL,n
20230902,TBA,AL,CLE,AL,n
20230902,TOR,AL,COL,NL,n
20230902,NYA,AL,HOU,AL,n
20230902,BOS,AL,KCA,AL,n
20230902,ATL,NL,LAN,NL,n
20230902,PHI,NL,MIL,NL,n
20230902,SEA,AL,NYN,NL,n
20230902,ANA,AL,OAK,AL,d
20230902,SFN,NL,SDN,NL,d
20230902,PIT,NL,SLN,NL,n
20230902,MIN,AL,TEX,AL,n
20230902,MIA,NL,WAS,NL,d
20230903,BAL,AL,ARI,NL,d
20230903,DET,AL,CHA,AL,d
20230903,CHN,NL,CIN,NL,n
20230903,TBA,AL,CLE,AL,d
20230903,TOR,AL,COL,NL,d
20230903,NYA,AL,HOU,AL,d
20230903,BOS,AL,KCA,AL,d
20230903,ATL,NL,LAN,NL,d
20230903,PHI,NL,MIL,NL,n
20230903,SEA,AL,NYN,NL,d
20230903,ANA,AL,OAK,AL,d
20230903,SFN,NL,SDN,NL,d
20230903,PIT,NL,SLN,NL,d
20230903,MIN,AL,TEX,AL,d
20230903,MIA,NL,WAS,NL,d
20230904,BAL,AL,ANA,AL,n
20230904,COL,NL,ARI,NL,d
20230904,SFN,NL,CHN,NL,d
20230904,SEA,AL,CIN,NL,d
20230904,MIN,AL,CLE,AL,n
20230904,TOR,AL,OAK,AL,d
20230904,MIL,NL,PIT,NL,n
20230904,PHI,NL,SDN,NL,d
20230904,BOS,AL,TBA,AL,d
20230904,HOU,AL,TEX,AL,d
20230905,BAL,AL,ANA,AL,n
20230905,COL,NL,ARI,NL,n
20230905,SLN,NL,ATL,NL,n
20230905,SFN,NL,CHN,NL,n
20230905,SEA,AL,CIN,NL,n
20230905,MIN,AL,CLE,AL,n
20230905,CHA,AL,KCA,AL,n
20230905,LAN,NL,MIA,NL,n
20230905,DET,AL,NYA,AL,n
20230905,TOR,AL,OAK,AL,n
20230905,MIL,NL,PIT,NL,n
20230905,PHI,NL,SDN,NL,n
20230905,BOS,AL,TBA,AL,n
20230905,HOU,AL,TEX,AL,n
20230905,NYN,NL,WAS,NL,n
20230906,BAL,AL,ANA,AL,n
20230906,COL,NL,ARI,NL,n
20230906,SLN,NL,ATL,NL,n
20230906,SFN,NL,CHN,NL,d
20230906,SEA,AL,CIN,NL,n
20230906,MIN,AL,CLE,AL,d
20230906,CHA,AL,KCA,AL,n
20230906,LAN,NL,MIA,NL,n
20230906,DET,AL,NYA,AL,n
20230906,TOR,AL,OAK,AL,n
20230906,MIL,NL,PIT,NL,n
20230906,PHI,NL,SDN,NL,d
20230906,BOS,AL,TBA,AL,n
20230906,HOU,AL,TEX,AL,n
20230906,NYN,NL,WAS,NL,n
20230907,CLE,AL,ANA,AL,n
20230907,SLN,NL,ATL,NL,n
20230907,ARI,NL,CHN,NL,n
20230907,CHA,AL,KCA,AL,d
20230907,LAN,NL,MIA,NL,n
20230907,DET,AL,NYA,AL,n
20230907,SEA,AL,TBA,AL,n
20230908,CLE,AL,ANA,AL,n
20230908,PIT,NL,ATL,NL,n
20230908,BAL,AL,BOS,AL,n
20230908,ARI,NL,CHN,NL,d
20230908,SLN,NL,CIN,NL,n
20230908,CHA,AL,DET,AL,n
20230908,SDN,NL,HOU,AL,n
20230908,NYN,NL,MIN,AL,n
20230908,MIL,NL,NYA,AL,n
20230908,MIA,NL,PHI,NL,n
20230908,COL,NL,SFN,NL,n
20230908,SEA,AL,TBA,AL,n
20230908,OAK,AL,TEX,AL,n
20230908,KCA,AL,TOR,AL,n
20230908,LAN,NL,WAS,NL,n
20230909,CLE,AL,ANA,AL,n
20230909,PIT,NL,ATL,NL,n
20230909,BAL,AL,BOS,AL,d
20230909,ARI,NL,CHN,NL,d
20230909,SLN,NL,CIN,NL,n
20230909,CHA,AL,DET,AL,n
20230909,SDN,NL,HOU,AL,n
20230909,NYN,NL,MIN,AL,d
20230909,MIL,NL,NYA,AL,d
20230909,MIA,NL,PHI,NL,n
20230909,COL,NL,SFN,NL,n
20230909,SEA,AL,TBA,AL,d
20230909,OAK,AL,TEX,AL,n
20230909,KCA,AL,TOR,AL,d
20230909,LAN,NL,WAS,NL,d
20230910,CLE,AL,ANA,AL,d
20230910,PIT,NL,ATL,NL,d
20230910,BAL,AL,BOS,AL,d
20230910,ARI,NL,CHN,NL,d
20230910,SLN,NL,CIN,NL,d
20230910,CHA,AL,DET,AL,d
20230910,SDN,NL,HOU,AL,d
20230910,NYN,NL,MIN,AL,d
20230910,MIL,NL,NYA,AL,d
20230910,MIA,NL,PHI,NL,d
20230910,COL,NL,SFN,NL,d
20230910,SEA,AL,TBA,AL,d
20230910,OAK,AL,TEX,AL,d
20230910,KCA,AL,TOR,AL,d
20230910,LAN,NL,WAS,NL,d
20230911,SLN,NL,BAL,AL,n
20230911,NYA,AL,BOS,AL,n
20230911,KCA,AL,CHA,AL,n
20230911,CHN,NL,COL,NL,n
20230911,OAK,AL,HOU,AL,n
20230911,SDN,NL,LAN,NL,n
20230911,MIA,NL,MIL,NL,n
20230911,TBA,AL,MIN,AL,n
20230911,ARI,NL,NYN,NL,n
20230911,WAS,NL,PIT,NL,n
20230911,ANA,AL,SEA,AL,n
20230911,CLE,AL,SFN,NL,n
20230911,TEX,AL,TOR,AL,n
20230912,SLN,NL,BAL,AL,n
20230912,NYA,AL,BOS,AL,n
20230912,KCA,AL,CHA,AL,n
20230912,CHN,NL,COL,NL,n
20230912,CIN,NL,DET,AL,n
20230912,OAK,AL,HOU,AL,n
20230912,SDN,NL,LAN,NL,n
20230912,MIA,NL,MIL,NL,n
20230912,TBA,AL,MIN,AL,n
20230912,ARI,NL,NYN,NL,n
20230912,ATL,NL,PHI,NL,n
20230912,WAS,NL,PIT,NL,n
20230912,ANA,AL,SEA,AL,n
20230912,CLE,AL,SFN,NL,n
20230912,TEX,AL,TOR,AL,n
20230913,SLN,NL,BAL,AL,n
20230913,NYA,AL,BOS,AL,n
20230913,KCA,AL,CHA,AL,n
20230913,CHN,NL,COL,NL,d
20230913,CIN,NL,DET,AL,n
20230913,OAK,AL,HOU,AL,n
20230913,SDN,NL,LAN,NL,n
20230913,MIA,NL,MIL,NL,n
20230913,TBA,AL,MIN,AL,n
20230913,ARI,NL,NYN,NL,n
20230913,ATL,NL,PHI,NL,n
20230913,WAS,NL,PIT,NL,n
20230913,ANA,AL,SEA,AL,d
20230913,CLE,AL,SFN,NL,n
20230913,TEX,AL,TOR,AL,n
20230914,TBA,AL,BAL,AL,n
20230914,NYA,AL,BOS,AL,n
20230914,MIN,AL,CHA,AL,n
20230914,SFN,NL,COL,NL,n
20230914,CIN,NL,DET,AL,d
20230914,MIA,NL,MIL,NL,d
20230914,ARI,NL,NYN,NL,d
20230914,ATL,NL,PHI,NL,d
20230914,WAS,NL,PIT,NL,n
20230914,TEX,AL,TOR,AL,n
20230915,DET,AL,ANA,AL,n
20230915,CHN,NL,ARI,NL,n
20230915,TBA,AL,BAL,AL,n
20230915,MIN,AL,CHA,AL,n
20230915,TEX,AL,CLE,AL,n
20230915,SFN,NL,COL,NL,n
20230915,HOU,AL,KCA,AL,n
20230915,ATL,NL,MIA,NL,n
20230915,WAS,NL,MIL,NL,n
20230915,CIN,NL,NYN,NL,n
20230915,SDN,NL,OAK,AL,n
20230915,NYA,AL,PIT,NL,n
20230915,LAN,NL,SEA,AL,n
20230915,PHI,NL,SLN,NL,n
20230915,BOS,AL,TOR,AL,n
20230916,DET,AL,ANA,AL,n
20230916,CHN,NL,ARI,NL,d
20230916,TBA,AL,BAL,AL,n
20230916,MIN,AL,CHA,AL,n
20230916,TEX,AL,CLE,AL,n
20230916,SFN,NL,COL,NL,n
20230916,HOU,AL,KCA,AL,n
20230916,ATL,NL,MIA,NL,d
20230916,WAS,NL,MIL,NL,n
20230916,CIN,NL,NYN,NL,n
20230916,SDN,NL,OAK,AL,d
20230916,NYA,AL,PIT,NL,n
20230916,LAN,NL,SEA,AL,n
20230916,PHI,NL,SLN,NL,n
20230916,BOS,AL,TOR,AL,d
20230917,DET,AL,ANA,AL,d
20230917,CHN,NL,ARI,NL,d
20230917,TBA,AL,BAL,AL,d
20230917,MIN,AL,CHA,AL,d
20230917,TEX,AL,CLE,AL,d
20230917,SFN,NL,COL,NL,d
20230917,HOU,AL,KCA,AL,d
20230917,ATL,NL,MIA,NL,d
20230917,WAS,NL,MIL,NL,d
20230917,CIN,NL,NYN,NL,d
20230917,SDN,NL,OAK,AL,d
20230917,NYA,AL,PIT,NL,d
20230917,LAN,NL,SEA,AL,d
20230917,PHI,NL,SLN,NL,d
20230917,BOS,AL,TOR,AL,d
20230918,PHI,NL,ATL,NL,n
20230918,MIN,AL,CIN,NL,n
20230918,BAL,AL,HOU,AL,n
20230918,CLE,AL,KCA,AL,d
20230918,DET,AL,LAN,NL,n
20230918,NYN,NL,MIA,NL,n
20230918,SEA,AL,OAK,AL,n
20230918,COL,NL,SDN,NL,n
20230918,MIL,NL,SLN,NL,n
20230918,BOS,AL,TEX,AL,n
20230918,CHA,AL,WAS,NL,n
20230919,SFN,NL,ARI,NL,n
20230919,PHI,NL,ATL,NL,n
20230919,PIT,NL,CHN,NL,n
20230919,MIN,AL,CIN,NL,n
20230919,BAL,AL,HOU,AL,n
20230919,CLE,AL,KCA,AL,n
20230919,DET,AL,LAN,NL,n
20230919,NYN,NL,MIA,NL,n
20230919,TOR,AL,NYA,AL,n
20230919,SEA,AL,OAK,AL,n
20230919,COL,NL,SDN,NL,n
20230919,MIL,NL,SLN,NL,n
20230919,ANA,AL,TBA,AL,n
20230919,BOS,AL,TEX,AL,n
20230919,CHA,AL,WAS,NL,n
20230920,SFN,NL,ARI,NL,n
20230920,PHI,NL,ATL,NL,n
20230920,PIT,NL,CHN,NL,n
20230920,MIN,AL,CIN,NL,n
20230920,BAL,AL,HOU,AL,d
20230920,CLE,AL,KCA,AL,d
20230920,DET,AL,LAN,NL,n
20230920,NYN,NL,MIA,NL,n
20230920,TOR,AL,NYA,AL,n
20230920,SEA,AL,OAK,AL,n
20230920,COL,NL,SDN,NL,d
20230920,MIL,NL,SLN,NL,n
20230920,ANA,AL,TBA,AL,n
20230920,BOS,AL,TEX,AL,d
20230920,CHA,AL,WAS,NL,d
20230921,PIT,NL,CHN,NL,n
20230921,BAL,AL,CLE,AL,n
20230921,SFN,NL,LAN,NL,n
20230921,TOR,AL,NYA,AL,n
20230921,DET,AL,OAK,AL,n
20230921,NYN,NL,PHI,NL,n
20230921,MIL,NL,SLN,NL,n
20230921,ANA,AL,TBA,AL,d
20230921,ATL,NL,WAS,NL,n
20230922,CHA,AL,BOS,AL,n
20230922,COL,NL,CHN,NL,d
20230922,PIT,NL,CIN,NL,n
20230922,BAL,AL,CLE,AL,n
20230922,KCA,AL,HOU,AL,n
20230922,SFN,NL,LAN,NL,n
20230922,MIL,NL,MIA,NL,n
20230922,ANA,AL,MIN,AL,n
20230922,ARI,NL,NYA,AL,n
20230922,DET,AL,OAK,AL,n
20230922,NYN,NL,PHI,NL,n
20230922,SLN,NL,SDN,NL,n
20230922,TOR,AL,TBA,AL,n
20230922,SEA,AL,TEX,AL,n
20230922,ATL,NL,WAS,NL,n
20230923,CHA,AL,BOS,AL,d
20230923,COL,NL,CHN,NL,d
20230923,PIT,NL,CIN,NL,n
20230923,BAL,AL,CLE,AL,n
20230923,KCA,AL,HOU,AL,n
20230923,SFN,NL,LAN,NL,n
20230923,MIL,NL,MIA,NL,d
20230923,ANA,AL,MIN,AL,d
20230923,ARI,NL,NYA,AL,d
20230923,DET,AL,OAK,AL,d
20230923,NYN,NL,PHI,NL,d
20230923,SLN,NL,SDN,NL,d
20230923,TOR,AL,TBA,AL,d
20230923,SEA,AL,TEX,AL,n
20230923,ATL,NL,WAS,NL,d
20230924,CHA,AL,BOS,AL,d
20230924,COL,NL,CHN,NL,d
20230924,PIT,NL,CIN,NL,d
20230924,BAL,AL,CLE,AL,d
20230924,KCA,AL,HOU,AL,d
20230924,SFN,NL,LAN,NL,d
20230924,MIL,NL,MIA,NL,d
20230924,ANA,AL,MIN,AL,d
20230924,ARI,NL,NYA,AL,d
20230924,DET,AL,OAK,AL,d
20230924,NYN,NL,PHI,NL,d
20230924,SLN,NL,SDN,NL,d
20230924,TOR,AL,TBA,AL,d
20230924,SEA,AL,TEX,AL,d
20230924,ATL,NL,WAS,NL,d
20230925,TEX,AL,ANA,AL,n
20230925,ARI,NL,CHA,AL,n
20230925,HOU,AL,SEA,AL,n
20230925,SDN,NL,SFN,NL,n
20230926,TEX,AL,ANA,AL,n
20230926,CHN,NL,ATL,NL,n
20230926,WAS,NL,BAL,AL,n
20230926,TBA,AL,BOS,AL,n
20230926,ARI,NL,CHA,AL,n
20230926,CIN,NL,CLE,AL,n
20230926,LAN,NL,COL,NL,d
20230926,LAN,NL,COL,NL,n
20230926,KCA,AL,DET,AL,n
20230926,SLN,NL,MIL,NL,n
20230926,OAK,AL,MIN,AL,n
20230926,MIA,NL,NYN,NL,n
20230926,PIT,NL,PHI,NL,n
20230926,HOU,AL,SEA,AL,n
20230926,SDN,NL,SFN,NL,n
20230926,NYA,AL,TOR,AL,n
20230927,TEX,AL,ANA,AL,n
20230927,CHN,NL,ATL,NL,n
20230927,WAS,NL,BAL,AL,n
20230927,TBA,AL,BOS,AL,n
20230927,ARI,NL,CHA,AL,d
20230927,CIN,NL,CLE,AL,n
20230927,LAN,NL,COL,NL,n
20230927,KCA,AL,DET,AL,n
20230927,SLN,NL,MIL,NL,n
20230927,OAK,AL,MIN,AL,n
20230927,MIA,NL,NYN,NL,n
20230927,PIT,NL,PHI,NL,n
20230927,HOU,AL,SEA,AL,n
20230927,SDN,NL,SFN,NL,n
20230927,NYA,AL,TOR,AL,n
20230928,CHN,NL,ATL,NL,n
20230928,BOS,AL,BAL,AL,n
20230928,LAN,NL,COL,NL,n
20230928,KCA,AL,DET,AL,d
20230928,SLN,NL,MIL,NL,n
20230928,OAK,AL,MIN,AL,n
20230928,MIA,NL,NYN,NL,n
20230928,PIT,NL,PHI,NL,n
20230928,TEX,AL,SEA,AL,n
20230928,NYA,AL,TOR,AL,n
20230929,OAK,AL,ANA,AL,n
20230929,HOU,AL,ARI,NL,n
20230929,WAS,NL,ATL,NL,n
20230929,BOS,AL,BAL,AL,n
20230929,SDN,NL,CHA,AL,n
20230929,MIN,AL,COL,NL,n
20230929,CLE,AL,DET,AL,n
20230929,NYA,AL,KCA,AL,n
20230929,CHN,NL,MIL,NL,n
20230929,PHI,NL,NYN,NL,n
20230929,MIA,NL,PIT,NL,n
20230929,TEX,AL,SEA,AL,n
20230929,LAN,NL,SFN,NL,n
20230929,CIN,NL,SLN,NL,n
20230929,TBA,AL,TOR,AL,n
20230930,OAK,AL,ANA,AL,n
20230930,HOU,AL,ARI,NL,d
20230930,WAS,NL,ATL,NL,n
20230930,BOS,AL,BAL,AL,n
20230930,SDN,NL,CHA,AL,n
20230930,MIN,AL,COL,NL,n
20230930,CLE,AL,DET,AL,d
20230930,NYA,AL,KCA,AL,n
20230930,CHN,NL,MIL,NL,n
20230930,PHI,NL,NYN,NL,n
20230930,MIA,NL,PIT,NL,n
20230930,TEX,AL,SEA,AL,n
20230930,LAN,NL,SFN,NL,n
20230930,CIN,NL,SLN,NL,n
20230930,TBA,AL,TOR,AL,d
20231001,OAK,AL,ANA,AL,n
20231001,HOU,AL,ARI,NL,n
20231001,WAS,NL,ATL,NL,d
20231001,BOS,AL,BAL,AL,d
20231001,SDN,NL,CHA,AL,d
20231001,MIN,AL,COL,NL,d
20231001,CLE,AL,DET,AL,d
20231001,NYA,AL,KCA,AL,d
20231001,CHN,NL,MIL,NL,d
20231001,PHI,NL,NYN,NL,d
20231001,MIA,NL,PIT,NL,d
20231001,TEX,AL,SEA,AL,n
20231001,LAN,NL,SFN,NL,n
20231001,CIN,NL,SLN,NL,d
20231001,TBA,AL,TOR,AL,d